/*
Navicat MySQL Data Transfer

Source Server         : like
Source Server Version : 50622
Source Host           : 192.168.1.80:3306
Source Database       : wechat

Target Server Type    : MYSQL
Target Server Version : 50622
File Encoding         : 65001

Date: 2015-06-04 17:08:41
*/

SET FOREIGN_KEY_CHECKS=0;

-- ----------------------------
-- Table structure for `comment_request`
-- ----------------------------
DROP TABLE IF EXISTS `comment_request`;
CREATE TABLE `comment_request` (
  `requestid` int(11) NOT NULL AUTO_INCREMENT,
  `commentid` int(11) NOT NULL,
  `toid` int(11) NOT NULL,
  `status` int(11) NOT NULL,
  PRIMARY KEY (`requestid`),
  UNIQUE KEY `requestid_UNIQUE` (`requestid`)
) ENGINE=InnoDB DEFAULT CHARSET=utf8;

-- ----------------------------
-- Records of comment_request
-- ----------------------------

-- ----------------------------
-- Table structure for `contact`
-- ----------------------------
DROP TABLE IF EXISTS `contact`;
CREATE TABLE `contact` (
  `id` int(11) NOT NULL AUTO_INCREMENT,
  `userid` int(11) DEFAULT NULL,
  `contact` int(11) DEFAULT NULL,
  PRIMARY KEY (`id`)
) ENGINE=InnoDB AUTO_INCREMENT=165 DEFAULT CHARSET=utf8;

-- ----------------------------
-- Records of contact
-- ----------------------------
INSERT INTO `contact` VALUES ('127', '62', '63');
INSERT INTO `contact` VALUES ('128', '63', '62');
INSERT INTO `contact` VALUES ('129', '62', '64');
INSERT INTO `contact` VALUES ('130', '64', '62');
INSERT INTO `contact` VALUES ('131', '63', '64');
INSERT INTO `contact` VALUES ('132', '64', '63');
INSERT INTO `contact` VALUES ('133', '63', '66');
INSERT INTO `contact` VALUES ('134', '66', '63');
INSERT INTO `contact` VALUES ('135', '64', '66');
INSERT INTO `contact` VALUES ('136', '66', '64');
INSERT INTO `contact` VALUES ('137', '68', '67');
INSERT INTO `contact` VALUES ('138', '67', '68');
INSERT INTO `contact` VALUES ('139', '69', '66');
INSERT INTO `contact` VALUES ('140', '66', '69');
INSERT INTO `contact` VALUES ('141', '70', '66');
INSERT INTO `contact` VALUES ('142', '66', '70');
INSERT INTO `contact` VALUES ('143', '70', '71');
INSERT INTO `contact` VALUES ('144', '71', '70');
INSERT INTO `contact` VALUES ('145', '70', '72');
INSERT INTO `contact` VALUES ('146', '72', '70');
INSERT INTO `contact` VALUES ('147', '66', '74');
INSERT INTO `contact` VALUES ('148', '74', '66');
INSERT INTO `contact` VALUES ('149', '68', '69');
INSERT INTO `contact` VALUES ('150', '69', '68');
INSERT INTO `contact` VALUES ('151', '68', '66');
INSERT INTO `contact` VALUES ('152', '66', '68');
INSERT INTO `contact` VALUES ('153', '75', '68');
INSERT INTO `contact` VALUES ('154', '68', '75');
INSERT INTO `contact` VALUES ('155', '74', '70');
INSERT INTO `contact` VALUES ('156', '70', '74');
INSERT INTO `contact` VALUES ('157', '68', '76');
INSERT INTO `contact` VALUES ('158', '76', '68');
INSERT INTO `contact` VALUES ('159', '68', '62');
INSERT INTO `contact` VALUES ('160', '62', '68');
INSERT INTO `contact` VALUES ('161', '62', '76');
INSERT INTO `contact` VALUES ('162', '76', '62');
INSERT INTO `contact` VALUES ('163', '62', '69');
INSERT INTO `contact` VALUES ('164', '69', '62');

-- ----------------------------
-- Table structure for `groupmember`
-- ----------------------------
DROP TABLE IF EXISTS `groupmember`;
CREATE TABLE `groupmember` (
  `groupid` int(11) NOT NULL,
  `userid` int(11) NOT NULL
) ENGINE=InnoDB DEFAULT CHARSET=utf8;

-- ----------------------------
-- Records of groupmember
-- ----------------------------
INSERT INTO `groupmember` VALUES ('1', '67');
INSERT INTO `groupmember` VALUES ('1', '68');
INSERT INTO `groupmember` VALUES ('1', '69');
INSERT INTO `groupmember` VALUES ('1', '76');
INSERT INTO `groupmember` VALUES ('12', '67');
INSERT INTO `groupmember` VALUES ('12', '69');
INSERT INTO `groupmember` VALUES ('12', '66');
INSERT INTO `groupmember` VALUES ('12', '75');
INSERT INTO `groupmember` VALUES ('12', '76');
INSERT INTO `groupmember` VALUES ('12', '68');

-- ----------------------------
-- Table structure for `groupmessage`
-- ----------------------------
DROP TABLE IF EXISTS `groupmessage`;
CREATE TABLE `groupmessage` (
  `groupmessageid` int(11) NOT NULL AUTO_INCREMENT,
  `groupid` int(11) DEFAULT NULL,
  `message` text,
  `senduser` int(11) DEFAULT NULL,
  `sendtime` varchar(500) DEFAULT NULL,
  PRIMARY KEY (`groupmessageid`)
) ENGINE=InnoDB AUTO_INCREMENT=15 DEFAULT CHARSET=utf8;

-- ----------------------------
-- Records of groupmessage
-- ----------------------------
INSERT INTO `groupmessage` VALUES ('1', '1', 'ttttt', '68', '1433399722');
INSERT INTO `groupmessage` VALUES ('3', '1', 'gg', '67', '1433402438');
INSERT INTO `groupmessage` VALUES ('4', '1', 'kkk', '68', '1433406500');
INSERT INTO `groupmessage` VALUES ('5', '1', 'asd', '76', '1433406570');
INSERT INTO `groupmessage` VALUES ('6', '1', 'ttttt', '68', '1433406585');
INSERT INTO `groupmessage` VALUES ('7', '1', 'yumi', '76', '1433406597');
INSERT INTO `groupmessage` VALUES ('8', '12', 'rrrrrrrrrr', '68', '1433407665');
INSERT INTO `groupmessage` VALUES ('9', '12', 'gghhhh', '67', '1433407673');
INSERT INTO `groupmessage` VALUES ('10', '12', 'aaaaa', '68', '1433407700');
INSERT INTO `groupmessage` VALUES ('11', '12', 'ssssss', '68', '1433407743');
INSERT INTO `groupmessage` VALUES ('12', '12', '123456', '68', '1433407966');
INSERT INTO `groupmessage` VALUES ('13', '12', 'gj', '76', '1433408541');
INSERT INTO `groupmessage` VALUES ('14', '12', 'tttt', '68', '1433408072');

-- ----------------------------
-- Table structure for `groupteam`
-- ----------------------------
DROP TABLE IF EXISTS `groupteam`;
CREATE TABLE `groupteam` (
  `groupid` int(11) NOT NULL AUTO_INCREMENT,
  `groupname` varchar(500) DEFAULT NULL,
  PRIMARY KEY (`groupid`)
) ENGINE=InnoDB AUTO_INCREMENT=13 DEFAULT CHARSET=utf8;

-- ----------------------------
-- Records of groupteam
-- ----------------------------
INSERT INTO `groupteam` VALUES ('1', 'group test');
INSERT INTO `groupteam` VALUES ('12', 'group test');

-- ----------------------------
-- Table structure for `message`
-- ----------------------------
DROP TABLE IF EXISTS `message`;
CREATE TABLE `message` (
  `messageid` int(11) NOT NULL AUTO_INCREMENT,
  `fromid` int(11) DEFAULT NULL,
  `toid` int(11) DEFAULT NULL,
  `content` text,
  `status` varchar(255) DEFAULT NULL,
  `date` varchar(255) DEFAULT NULL,
  PRIMARY KEY (`messageid`)
) ENGINE=InnoDB AUTO_INCREMENT=1249 DEFAULT CHARSET=utf8;

-- ----------------------------
-- Records of message
-- ----------------------------
INSERT INTO `message` VALUES ('1011', '62', '63', 'hello', 'READ', '1425284118');
INSERT INTO `message` VALUES ('1012', '63', '62', '(⊙o⊙)哦(⊙o⊙)哦(⊙o⊙)哦(⊙o⊙)哦(⊙o⊙)哦(⊙o⊙)哦(⊙o⊙)哦(⊙o⊙)哦(⊙o⊙)哦(⊙o⊙)哦(⊙o⊙)哦(⊙o⊙)哦(⊙o⊙)哦(⊙o⊙)哦(⊙o⊙)哦(⊙o⊙)哦(⊙o⊙)哦(⊙o⊙)哦(⊙o⊙)哦(⊙o⊙)哦(⊙o⊙)哦(⊙o⊙)哦(⊙o⊙)哦(⊙o⊙)哦(⊙o⊙)哦(⊙o⊙)哦(⊙o⊙)哦(⊙o⊙)哦(⊙o⊙)哦(⊙o⊙)哦', 'READ', '1425284129');
INSERT INTO `message` VALUES ('1013', '62', '63', 'I\'m like', 'READ', '1425284131');
INSERT INTO `message` VALUES ('1014', '64', '62', '11', 'READ', '1425284186');
INSERT INTO `message` VALUES ('1015', '63', '66', 'ggbbj', 'READ', '1425286737');
INSERT INTO `message` VALUES ('1016', '66', '63', 'ffff', 'READ', '1425286746');
INSERT INTO `message` VALUES ('1017', '64', '66', '弱智', 'READ', '1425286750');
INSERT INTO `message` VALUES ('1018', '66', '63', 'vvgvvv', 'READ', '1425286750');
INSERT INTO `message` VALUES ('1019', '66', '63', 'vbbv', 'READ', '1425286754');
INSERT INTO `message` VALUES ('1020', '63', '66', 'hhh', 'READ', '1425286756');
INSERT INTO `message` VALUES ('1021', '63', '66', '傻逼傻逼傻逼，', 'READ', '1425286764');
INSERT INTO `message` VALUES ('1022', '63', '66', '(⊙o⊙)哦(⊙o⊙)哦(⊙o⊙)哦(⊙o⊙)哦(⊙o⊙)哦(⊙o⊙)哦(⊙o⊙)哦(⊙o⊙)哦(⊙o⊙)哦(⊙o⊙)哦(⊙o⊙)哦(⊙o⊙)哦(⊙o⊙)哦(⊙o⊙)哦(⊙o⊙)哦(⊙o⊙)哦(⊙o⊙)哦(⊙o⊙)哦(⊙o⊙)哦(⊙o⊙)哦(⊙o⊙)哦(⊙o⊙)哦(⊙o⊙)哦(⊙o⊙)哦(⊙o⊙)哦(⊙o⊙)哦(⊙o⊙)哦(⊙o⊙)哦', 'READ', '1425286776');
INSERT INTO `message` VALUES ('1023', '66', '64', 'vgg', 'READ', '1425286808');
INSERT INTO `message` VALUES ('1024', '66', '64', 'ccf', 'READ', '1425286815');
INSERT INTO `message` VALUES ('1025', '63', '64', '嘿嘿', 'READ', '1425286820');
INSERT INTO `message` VALUES ('1026', '66', '64', 'gh', 'READ', '1425286891');
INSERT INTO `message` VALUES ('1027', '63', '64', '啦啦啦', 'READ', '1425286893');
INSERT INTO `message` VALUES ('1028', '66', '64', '啦啦啦啦啦啦啦啦啦啦啦啦啦啦啦啦', 'READ', '1425286898');
INSERT INTO `message` VALUES ('1029', '68', '67', 'xxx', 'READ', '1425286922');
INSERT INTO `message` VALUES ('1030', '67', '68', 'aaa', 'READ', '1425286911');
INSERT INTO `message` VALUES ('1031', '68', '67', 'dd', 'READ', '1425286972');
INSERT INTO `message` VALUES ('1032', '66', '64', 'bnjsj', 'READ', '1425287587');
INSERT INTO `message` VALUES ('1033', '66', '63', 'xxx', 'READ', '1425287595');
INSERT INTO `message` VALUES ('1034', '63', '64', 'lllllll', 'READ', '1425287816');
INSERT INTO `message` VALUES ('1035', '63', '64', 'chgdfjj', 'READ', '1425287818');
INSERT INTO `message` VALUES ('1036', '70', '66', 'ttt', 'READ', '1425348497');
INSERT INTO `message` VALUES ('1037', '70', '66', 'uuu', 'READ', '1425348514');
INSERT INTO `message` VALUES ('1038', '70', '66', 'ppp', 'READ', '1425348522');
INSERT INTO `message` VALUES ('1039', '66', '70', 'kkk', 'READ', '1425348262');
INSERT INTO `message` VALUES ('1040', '66', '70', 'ppp', 'READ', '1425348270');
INSERT INTO `message` VALUES ('1041', '70', '66', 'iiooppo', 'READ', '1425348771');
INSERT INTO `message` VALUES ('1042', '70', '66', 'bvccffhji', 'READ', '1425348773');
INSERT INTO `message` VALUES ('1043', '70', '66', 'ytfdssfgh', 'READ', '1425348778');
INSERT INTO `message` VALUES ('1044', '70', '66', 'bccvggffgui', 'READ', '1425348781');
INSERT INTO `message` VALUES ('1045', '70', '66', '1', 'READ', '1425348783');
INSERT INTO `message` VALUES ('1046', '70', '66', '2', 'READ', '1425348784');
INSERT INTO `message` VALUES ('1047', '70', '66', '3', 'READ', '1425348785');
INSERT INTO `message` VALUES ('1048', '70', '66', '4', 'READ', '1425348786');
INSERT INTO `message` VALUES ('1049', '70', '66', '5', 'READ', '1425348787');
INSERT INTO `message` VALUES ('1050', '70', '66', '6', 'READ', '1425348788');
INSERT INTO `message` VALUES ('1051', '70', '66', '7', 'READ', '1425348790');
INSERT INTO `message` VALUES ('1052', '70', '66', '8', 'READ', '1425348791');
INSERT INTO `message` VALUES ('1053', '70', '66', '9', 'READ', '1425348791');
INSERT INTO `message` VALUES ('1054', '70', '66', '10', 'READ', '1425348795');
INSERT INTO `message` VALUES ('1055', '70', '66', '11', 'READ', '1425348796');
INSERT INTO `message` VALUES ('1056', '70', '66', '12', 'READ', '1425348804');
INSERT INTO `message` VALUES ('1057', '70', '66', '13', 'READ', '1425348806');
INSERT INTO `message` VALUES ('1058', '70', '66', '14', 'READ', '1425348807');
INSERT INTO `message` VALUES ('1059', '70', '66', '15', 'READ', '1425348808');
INSERT INTO `message` VALUES ('1060', '70', '66', '16', 'READ', '1425348812');
INSERT INTO `message` VALUES ('1061', '70', '66', '17', 'READ', '1425348815');
INSERT INTO `message` VALUES ('1062', '70', '66', '18', 'READ', '1425348816');
INSERT INTO `message` VALUES ('1063', '70', '66', '19', 'READ', '1425348817');
INSERT INTO `message` VALUES ('1064', '66', '70', 'kl', 'READ', '1425348698');
INSERT INTO `message` VALUES ('1065', '71', '70', 'q', 'READ', '1425349001');
INSERT INTO `message` VALUES ('1066', '71', '70', 'w', 'READ', '1425349002');
INSERT INTO `message` VALUES ('1067', '71', '70', 'e', 'READ', '1425349003');
INSERT INTO `message` VALUES ('1068', '71', '70', 'r', 'READ', '1425349005');
INSERT INTO `message` VALUES ('1069', '71', '70', 't', 'READ', '1425349006');
INSERT INTO `message` VALUES ('1070', '71', '70', 'y', 'READ', '1425349007');
INSERT INTO `message` VALUES ('1071', '71', '70', 'u', 'READ', '1425349008');
INSERT INTO `message` VALUES ('1072', '71', '70', 'i', 'READ', '1425349008');
INSERT INTO `message` VALUES ('1073', '71', '70', 'o', 'READ', '1425349009');
INSERT INTO `message` VALUES ('1074', '71', '70', 'p', 'READ', '1425349010');
INSERT INTO `message` VALUES ('1075', '71', '70', 'a', 'READ', '1425349012');
INSERT INTO `message` VALUES ('1076', '71', '70', 's', 'READ', '1425349013');
INSERT INTO `message` VALUES ('1077', '71', '70', 'd', 'READ', '1425349013');
INSERT INTO `message` VALUES ('1078', '71', '70', 'f', 'READ', '1425349014');
INSERT INTO `message` VALUES ('1079', '71', '70', 'g', 'READ', '1425349015');
INSERT INTO `message` VALUES ('1080', '71', '70', 'h', 'READ', '1425349016');
INSERT INTO `message` VALUES ('1081', '71', '70', 'j', 'READ', '1425349026');
INSERT INTO `message` VALUES ('1082', '71', '70', 'k', 'READ', '1425349027');
INSERT INTO `message` VALUES ('1083', '71', '70', 'l', 'READ', '1425349028');
INSERT INTO `message` VALUES ('1084', '71', '70', 'z', 'READ', '1425349030');
INSERT INTO `message` VALUES ('1085', '71', '70', 'x', 'READ', '1425349031');
INSERT INTO `message` VALUES ('1086', '71', '70', 'c', 'READ', '1425349032');
INSERT INTO `message` VALUES ('1087', '71', '70', 'v', 'READ', '1425349032');
INSERT INTO `message` VALUES ('1088', '71', '70', 'b', 'READ', '1425349033');
INSERT INTO `message` VALUES ('1089', '71', '70', 'n', 'READ', '1425349034');
INSERT INTO `message` VALUES ('1090', '71', '70', 'm', 'READ', '1425349035');
INSERT INTO `message` VALUES ('1091', '71', '70', 'l', 'READ', '1425349037');
INSERT INTO `message` VALUES ('1092', '71', '70', 'f', 'READ', '1425349038');
INSERT INTO `message` VALUES ('1093', '71', '70', 'g', 'READ', '1425349039');
INSERT INTO `message` VALUES ('1094', '71', '70', 'h', 'READ', '1425349040');
INSERT INTO `message` VALUES ('1095', '71', '70', 'j', 'READ', '1425349041');
INSERT INTO `message` VALUES ('1096', '71', '70', 'k', 'READ', '1425349042');
INSERT INTO `message` VALUES ('1097', '71', '70', 'q', 'READ', '1425349043');
INSERT INTO `message` VALUES ('1098', '71', '70', 'e', 'READ', '1425349044');
INSERT INTO `message` VALUES ('1099', '71', '70', 't', 'READ', '1425349046');
INSERT INTO `message` VALUES ('1100', '71', '70', 'y', 'READ', '1425349047');
INSERT INTO `message` VALUES ('1101', '71', '70', 'u', 'READ', '1425349048');
INSERT INTO `message` VALUES ('1102', '71', '70', 'i', 'READ', '1425349049');
INSERT INTO `message` VALUES ('1103', '71', '70', 'p', 'READ', '1425349049');
INSERT INTO `message` VALUES ('1104', '71', '70', 'a', 'READ', '1425349050');
INSERT INTO `message` VALUES ('1105', '71', '70', 's', 'READ', '1425349051');
INSERT INTO `message` VALUES ('1106', '71', '70', 'd', 'READ', '1425349052');
INSERT INTO `message` VALUES ('1107', '71', '70', 'f', 'READ', '1425349053');
INSERT INTO `message` VALUES ('1108', '71', '70', 'g', 'READ', '1425349054');
INSERT INTO `message` VALUES ('1109', '71', '70', 'h', 'READ', '1425349055');
INSERT INTO `message` VALUES ('1110', '71', '70', 'l', 'READ', '1425349055');
INSERT INTO `message` VALUES ('1111', '71', '70', 'o', 'READ', '1425349061');
INSERT INTO `message` VALUES ('1112', '71', '70', 'n', 'READ', '1425349062');
INSERT INTO `message` VALUES ('1113', '71', '70', 'm', 'READ', '1425349063');
INSERT INTO `message` VALUES ('1114', '71', '70', 'z', 'READ', '1425349064');
INSERT INTO `message` VALUES ('1115', '71', '70', 'd', 'READ', '1425349065');
INSERT INTO `message` VALUES ('1116', '71', '70', 'v', 'READ', '1425349066');
INSERT INTO `message` VALUES ('1117', '71', '70', 'b', 'READ', '1425349068');
INSERT INTO `message` VALUES ('1118', '71', '70', 'a', 'READ', '1425349069');
INSERT INTO `message` VALUES ('1119', '71', '70', 'r', 'READ', '1425349070');
INSERT INTO `message` VALUES ('1120', '71', '70', 'w', 'READ', '1425349071');
INSERT INTO `message` VALUES ('1121', '71', '70', 'ppp', 'READ', '1425349151');
INSERT INTO `message` VALUES ('1122', '71', '70', 'k', 'READ', '1425349153');
INSERT INTO `message` VALUES ('1123', '71', '70', 'ggfhk', 'READ', '1425349155');
INSERT INTO `message` VALUES ('1124', '71', '70', 'g', 'READ', '1425349155');
INSERT INTO `message` VALUES ('1125', '71', '70', 'gp', 'READ', '1425349156');
INSERT INTO `message` VALUES ('1126', '71', '70', 'u', 'READ', '1425349158');
INSERT INTO `message` VALUES ('1127', '71', '70', 'o', 'READ', '1425349182');
INSERT INTO `message` VALUES ('1128', '71', '70', 'p', 'READ', '1425349183');
INSERT INTO `message` VALUES ('1129', '71', '70', 'l', 'READ', '1425349184');
INSERT INTO `message` VALUES ('1130', '71', '70', 'a', 'READ', '1425349185');
INSERT INTO `message` VALUES ('1131', '71', '70', 'd', 'READ', '1425349186');
INSERT INTO `message` VALUES ('1132', '71', '70', 'g', 'READ', '1425349191');
INSERT INTO `message` VALUES ('1133', '71', '70', 'j', 'READ', '1425349192');
INSERT INTO `message` VALUES ('1134', '71', '70', 'k', 'READ', '1425349193');
INSERT INTO `message` VALUES ('1135', '71', '70', 'l', 'READ', '1425349194');
INSERT INTO `message` VALUES ('1136', '71', '70', 'z', 'READ', '1425349195');
INSERT INTO `message` VALUES ('1137', '71', '70', 'x', 'READ', '1425349196');
INSERT INTO `message` VALUES ('1138', '71', '70', 'uuu', 'READ', '1425349316');
INSERT INTO `message` VALUES ('1139', '72', '70', 'oiiuygf', 'READ', '1425349782');
INSERT INTO `message` VALUES ('1140', '72', '70', 'ppoiuhgcxx', 'READ', '1425349787');
INSERT INTO `message` VALUES ('1141', '72', '70', 'yuuhgccbnjjiutfdcvghhjjkknbvggjkknbvvcfhjjjbvccfghjjjgcfgyutrdzsartuiolknvvcghhjjkkllkjnbbvcxxtyjkvcxxxfyiobb', 'READ', '1425349807');
INSERT INTO `message` VALUES ('1142', '72', '70', 'qweetyuioppiutsdfhjkkllzxvbnmmergjjddhkkoqwrtyuiopasdfghjkllffgzcbnmmkiiyredcswqqrtuiooppkjhbvbbnjnbbbbbbhhuutfccxxzzrryuunbvccxzzgyujjhhvvvvggjjiuyrrwwrttujjvvcxxzzdrrtyuippoutrffggvbnjihgffgubbdfyuywetyiopppllkjjgfsaxxvnnj', 'READ', '1425349854');
INSERT INTO `message` VALUES ('1143', '72', '70', 'uu', 'READ', '1425349859');
INSERT INTO `message` VALUES ('1144', '66', '69', 'kdkjs', 'READ', '1425353206');
INSERT INTO `message` VALUES ('1145', '74', '66', 'gvvv', 'READ', '1425353952');
INSERT INTO `message` VALUES ('1146', '66', '74', 'bhg', 'READ', '1425354046');
INSERT INTO `message` VALUES ('1147', '74', '66', 'vvbbbvvbbbb 婆家人了来咯咯所', 'READ', '1425354143');
INSERT INTO `message` VALUES ('1148', '74', '66', '同咯啦咯啦咯啦咯了来咯哦哦', 'READ', '1425354152');
INSERT INTO `message` VALUES ('1149', '68', '69', '来测bug', 'READ', '1425370094');
INSERT INTO `message` VALUES ('1150', '68', '75', 'gh', 'READ', '1425370156');
INSERT INTO `message` VALUES ('1151', '68', '75', 'ghh', 'READ', '1425370167');
INSERT INTO `message` VALUES ('1152', '68', '75', '呵呵', 'READ', '1425370172');
INSERT INTO `message` VALUES ('1153', '68', '75', '该喝喝', 'READ', '1425370178');
INSERT INTO `message` VALUES ('1154', '68', '75', 'gh', 'READ', '1425371017');
INSERT INTO `message` VALUES ('1155', '75', '68', 'aa', 'READ', '1425371157');
INSERT INTO `message` VALUES ('1156', '68', '75', 'ss', 'READ', '1425371438');
INSERT INTO `message` VALUES ('1157', '68', '75', 'dd', 'READ', '1425371439');
INSERT INTO `message` VALUES ('1158', '68', '75', 'dd', 'READ', '1425371440');
INSERT INTO `message` VALUES ('1159', '68', '75', 'dd', 'READ', '1425371441');
INSERT INTO `message` VALUES ('1160', '68', '75', 'dv', 'READ', '1425371442');
INSERT INTO `message` VALUES ('1161', '68', '75', 'vd', 'READ', '1425371443');
INSERT INTO `message` VALUES ('1162', '68', '75', 'vd', 'READ', '1425371444');
INSERT INTO `message` VALUES ('1163', '68', '75', 'gh', 'READ', '1425371445');
INSERT INTO `message` VALUES ('1164', '68', '75', 'as', 'READ', '1425371445');
INSERT INTO `message` VALUES ('1165', '68', '75', 'gg', 'READ', '1425371446');
INSERT INTO `message` VALUES ('1166', '68', '75', 'sd', 'READ', '1425371447');
INSERT INTO `message` VALUES ('1167', '68', '75', 'gg', 'READ', '1425371448');
INSERT INTO `message` VALUES ('1168', '68', '75', 'sd', 'READ', '1425371449');
INSERT INTO `message` VALUES ('1169', '68', '75', 'ff', 'READ', '1425371449');
INSERT INTO `message` VALUES ('1170', '68', '75', 'dd', 'READ', '1425371450');
INSERT INTO `message` VALUES ('1171', '68', '75', 'ff', 'READ', '1425371451');
INSERT INTO `message` VALUES ('1172', '68', '75', 'hh', 'READ', '1425371452');
INSERT INTO `message` VALUES ('1173', '68', '75', 'ds', 'READ', '1425371453');
INSERT INTO `message` VALUES ('1174', '68', '75', 'dd', 'READ', '1425371488');
INSERT INTO `message` VALUES ('1175', '68', '75', 'ddd', 'READ', '1425371489');
INSERT INTO `message` VALUES ('1176', '68', '75', 'ggf', 'READ', '1425371490');
INSERT INTO `message` VALUES ('1177', '68', '75', 'ds', 'READ', '1425371491');
INSERT INTO `message` VALUES ('1178', '68', '75', 'gg', 'READ', '1425371492');
INSERT INTO `message` VALUES ('1179', '68', '75', 'dvg', 'READ', '1425371493');
INSERT INTO `message` VALUES ('1180', '68', '75', 'ddd', 'READ', '1425371493');
INSERT INTO `message` VALUES ('1181', '68', '75', 'ff', 'READ', '1425371494');
INSERT INTO `message` VALUES ('1182', '68', '75', 'd', 'READ', '1425371495');
INSERT INTO `message` VALUES ('1183', '68', '75', 'd', 'READ', '1425371495');
INSERT INTO `message` VALUES ('1184', '68', '75', 'd', 'READ', '1425371496');
INSERT INTO `message` VALUES ('1185', '68', '75', 'fffffg', 'READ', '1425371499');
INSERT INTO `message` VALUES ('1186', '68', '75', 'gff', 'READ', '1425371500');
INSERT INTO `message` VALUES ('1187', '74', '66', '近距离', 'READ', '1425375154');
INSERT INTO `message` VALUES ('1188', '74', '66', '⑤', 'READ', '1425384283');
INSERT INTO `message` VALUES ('1189', '74', '66', '咯啦咯啦咯啦咯啦咯了', 'READ', '1425384331');
INSERT INTO `message` VALUES ('1190', '74', '66', '啦咯啦咯啦咯啦咯', 'READ', '1425384335');
INSERT INTO `message` VALUES ('1191', '74', '66', '啦咯啦咯啦咯啦咯', 'READ', '1425384339');
INSERT INTO `message` VALUES ('1192', '74', '66', '近距离', 'READ', '1425384393');
INSERT INTO `message` VALUES ('1193', '66', '74', '几', 'READ', '1425384400');
INSERT INTO `message` VALUES ('1194', '74', '66', 'all路了loll', 'READ', '1425384430');
INSERT INTO `message` VALUES ('1195', '74', '66', '离开看看', 'READ', '1425384448');
INSERT INTO `message` VALUES ('1196', '74', '70', '近距离', 'READ', '1425433427');
INSERT INTO `message` VALUES ('1197', '74', '70', '罢了', 'READ', '1425433446');
INSERT INTO `message` VALUES ('1198', '63', '66', 'hhj', 'READ', '1425440224');
INSERT INTO `message` VALUES ('1199', '63', '66', 'bb', 'READ', '1425447727');
INSERT INTO `message` VALUES ('1200', '63', '66', 'o哦哦哦哦哦哦哦哦哦哦哦哦哦哦哦哦哦哦哦哦哦哦哦哦哦哦哦哦哦哦哦哦哦哦哦哦哦哦哦哦哦哦哦哦哦哦哦哦哦哦哦哦哦哦哦哦哦哦哦哦哦', 'READ', '1425447740');
INSERT INTO `message` VALUES ('1201', '62', '63', 'b', 'READ', '1425447797');
INSERT INTO `message` VALUES ('1202', '63', '62', '你好', 'UNREAD', '1425447981');
INSERT INTO `message` VALUES ('1203', '68', '67', 'aaa', 'READ', '1433398752');
INSERT INTO `message` VALUES ('1204', '76', '68', 'ss', 'READ', '1433399717');
INSERT INTO `message` VALUES ('1205', '68', '76', 'tt', 'READ', '1433399475');
INSERT INTO `message` VALUES ('1206', '68', '76', 'uuuu', 'READ', '1433399493');
INSERT INTO `message` VALUES ('1207', '76', '68', 'dd', 'READ', '1433399778');
INSERT INTO `message` VALUES ('1208', '76', '68', 'ff', 'READ', '1433399860');
INSERT INTO `message` VALUES ('1209', '76', '68', 'dcxx', 'READ', '1433399909');
INSERT INTO `message` VALUES ('1210', '67', '68', 'ttt', 'READ', '1433400157');
INSERT INTO `message` VALUES ('1211', '68', '67', 'uu', 'READ', '1433399903');
INSERT INTO `message` VALUES ('1212', '68', '67', 'abc', 'READ', '1433399928');
INSERT INTO `message` VALUES ('1213', '67', '68', 'we', 'READ', '1433400208');
INSERT INTO `message` VALUES ('1214', '67', '68', 'hhh', 'READ', '1433400452');
INSERT INTO `message` VALUES ('1215', '68', '67', 'yyy', 'READ', '1433400771');
INSERT INTO `message` VALUES ('1216', '67', '68', 'abcdefghij', 'READ', '1433401064');
INSERT INTO `message` VALUES ('1217', '68', '67', 'ttttt', 'READ', '1433402196');
INSERT INTO `message` VALUES ('1218', '68', '67', 'rrr', 'READ', '1433404367');
INSERT INTO `message` VALUES ('1219', '62', '68', 'hhhh', 'READ', '1433404761');
INSERT INTO `message` VALUES ('1220', '68', '76', 'jjj', 'READ', '1433405727');
INSERT INTO `message` VALUES ('1221', '68', '76', 'hhh', 'READ', '1433405734');
INSERT INTO `message` VALUES ('1222', '76', '68', 'jk', 'READ', '1433406220');
INSERT INTO `message` VALUES ('1223', '68', '76', 'jjj', 'READ', '1433405749');
INSERT INTO `message` VALUES ('1224', '76', '68', 'f033', 'READ', '1433406232');
INSERT INTO `message` VALUES ('1225', '76', '68', '[Image][http://192.168.1.80:8090/api1/upload/1433405775.jpg', 'READ', '1433406246');
INSERT INTO `message` VALUES ('1226', '76', '68', '[Image][http://192.168.1.73:8090/api1/upload/1433405860.jpg', 'READ', '1433406331');
INSERT INTO `message` VALUES ('1227', '76', '68', '[Image][http://192.168.1.73:8090/api1/upload/1433405871.jpg', 'READ', '1433406342');
INSERT INTO `message` VALUES ('1228', '68', '76', '[Image][http://192.168.1.73:8090/api1/upload/1433405875.jpg', 'READ', '1433405870');
INSERT INTO `message` VALUES ('1229', '76', '68', '[Image][http://192.168.1.73:8090/api1/upload/1433405887.jpg', 'READ', '1433406358');
INSERT INTO `message` VALUES ('1230', '76', '68', '[Voice][http://192.168.1.73:8090/api1/upload/1433405902.3gp', 'READ', '1433406373');
INSERT INTO `message` VALUES ('1231', '62', '68', 'yyy', 'READ', '1433406511');
INSERT INTO `message` VALUES ('1232', '68', '62', 'rty', 'READ', '1433406540');
INSERT INTO `message` VALUES ('1233', '67', '68', 'abc', 'READ', '1433406901');
INSERT INTO `message` VALUES ('1234', '68', '67', 'edf', 'READ', '1433406912');
INSERT INTO `message` VALUES ('1235', '67', '68', 'ty', 'READ', '1433406935');
INSERT INTO `message` VALUES ('1236', '68', '67', 'qwe', 'READ', '1433406946');
INSERT INTO `message` VALUES ('1237', '67', '68', 'yyyuuuuuu', 'READ', '1433406958');
INSERT INTO `message` VALUES ('1238', '68', '67', 'aaa', 'READ', '1433407092');
INSERT INTO `message` VALUES ('1239', '67', '68', 'avatar', 'READ', '1433407107');
INSERT INTO `message` VALUES ('1240', '68', '67', 'yui', 'READ', '1433407117');
INSERT INTO `message` VALUES ('1241', '67', '68', 'ssd', 'UNREAD', '1433407154');
INSERT INTO `message` VALUES ('1242', '68', '67', 'yui', 'UNREAD', '1433407163');
INSERT INTO `message` VALUES ('1243', '68', '67', 'ttttt', 'UNREAD', '1433407181');
INSERT INTO `message` VALUES ('1244', '67', '68', 'dddd', 'UNREAD', '1433407187');
INSERT INTO `message` VALUES ('1245', '67', '68', 'ddddd', 'UNREAD', '1433407197');
INSERT INTO `message` VALUES ('1246', '68', '76', 'aaa', 'READ', '1433407782');
INSERT INTO `message` VALUES ('1247', '76', '68', '[Voice][http://192.168.1.73:8090/api1/upload/1433408612.3gp', 'READ', '1433409083');
INSERT INTO `message` VALUES ('1248', '76', '68', '[Voice][http://192.168.1.73:8090/api1/upload/1433408629.3gp', 'READ', '1433409100');

-- ----------------------------
-- Table structure for `request`
-- ----------------------------
DROP TABLE IF EXISTS `request`;
CREATE TABLE `request` (
  `requestid` int(11) NOT NULL AUTO_INCREMENT,
  `fromid` int(11) DEFAULT NULL,
  `toid` int(11) DEFAULT NULL,
  `date` varchar(255) DEFAULT NULL,
  `status` int(11) DEFAULT '0',
  PRIMARY KEY (`requestid`)
) ENGINE=InnoDB AUTO_INCREMENT=103 DEFAULT CHARSET=utf8;

-- ----------------------------
-- Records of request
-- ----------------------------
INSERT INTO `request` VALUES ('76', '63', '62', '1425284323', '1');
INSERT INTO `request` VALUES ('77', '64', '62', '1425284357', '1');
INSERT INTO `request` VALUES ('78', '64', '63', '1425284369', '1');
INSERT INTO `request` VALUES ('79', '66', '63', '1425286898', '1');
INSERT INTO `request` VALUES ('80', '66', '64', '1425286955', '1');
INSERT INTO `request` VALUES ('81', '67', '68', '1425287105', '1');
INSERT INTO `request` VALUES ('82', '68', '64', '1425287236', '0');
INSERT INTO `request` VALUES ('83', '68', '63', '1425287454', '2');
INSERT INTO `request` VALUES ('84', '69', '68', '1425346841', '1');
INSERT INTO `request` VALUES ('85', '69', '62', '1425346869', '1');
INSERT INTO `request` VALUES ('86', '66', '69', '1425347442', '2');
INSERT INTO `request` VALUES ('87', '66', '69', '1425347525', '2');
INSERT INTO `request` VALUES ('88', '66', '69', '1425347540', '1');
INSERT INTO `request` VALUES ('89', '66', '70', '1425348209', '2');
INSERT INTO `request` VALUES ('90', '66', '70', '1425348233', '2');
INSERT INTO `request` VALUES ('91', '66', '70', '1425348379', '1');
INSERT INTO `request` VALUES ('92', '71', '69', '1425349005', '0');
INSERT INTO `request` VALUES ('93', '70', '71', '1425349019', '2');
INSERT INTO `request` VALUES ('94', '71', '70', '1425349170', '1');
INSERT INTO `request` VALUES ('95', '72', '70', '1425349946', '1');
INSERT INTO `request` VALUES ('96', '66', '68', '1425353458', '1');
INSERT INTO `request` VALUES ('97', '74', '66', '1425354036', '1');
INSERT INTO `request` VALUES ('98', '68', '75', '1425370330', '1');
INSERT INTO `request` VALUES ('99', '70', '74', '1425433617', '1');
INSERT INTO `request` VALUES ('100', '76', '68', '1433453229', '1');
INSERT INTO `request` VALUES ('101', '62', '68', '1433455934', '1');
INSERT INTO `request` VALUES ('102', '76', '62', '1433405953', '1');

-- ----------------------------
-- Table structure for `shareboard`
-- ----------------------------
DROP TABLE IF EXISTS `shareboard`;
CREATE TABLE `shareboard` (
  `shareid` int(11) NOT NULL AUTO_INCREMENT,
  `sharefrom` int(11) NOT NULL,
  `content` longtext NOT NULL,
  `date` datetime NOT NULL,
  PRIMARY KEY (`shareid`),
  UNIQUE KEY `shareid_UNIQUE` (`shareid`)
) ENGINE=InnoDB AUTO_INCREMENT=8 DEFAULT CHARSET=utf8;

-- ----------------------------
-- Records of shareboard
-- ----------------------------
INSERT INTO `shareboard` VALUES ('1', '67', 'ttttttttttttttttt\n', '2015-06-04 14:56:17');
INSERT INTO `shareboard` VALUES ('2', '68', '2016/06/04', '2015-06-04 16:56:49');
INSERT INTO `shareboard` VALUES ('3', '68', '111111', '2015-06-04 16:57:48');
INSERT INTO `shareboard` VALUES ('6', '68', '55555', '2015-06-04 17:01:53');
INSERT INTO `shareboard` VALUES ('7', '76', 'fhj', '2015-06-04 17:03:02');

-- ----------------------------
-- Table structure for `sharecomment`
-- ----------------------------
DROP TABLE IF EXISTS `sharecomment`;
CREATE TABLE `sharecomment` (
  `commentid` int(11) NOT NULL AUTO_INCREMENT,
  `shareid` int(11) NOT NULL,
  `fromid` int(11) NOT NULL,
  `toid` int(11) NOT NULL,
  `content` longtext NOT NULL,
  `date` datetime NOT NULL,
  PRIMARY KEY (`commentid`),
  UNIQUE KEY `commentid_UNIQUE` (`commentid`)
) ENGINE=InnoDB AUTO_INCREMENT=5 DEFAULT CHARSET=utf8;

-- ----------------------------
-- Records of sharecomment
-- ----------------------------
INSERT INTO `sharecomment` VALUES ('1', '1', '68', '67', 'rrrr', '2015-06-04 14:56:40');
INSERT INTO `sharecomment` VALUES ('2', '1', '67', '68', 'yyy', '2015-06-04 14:56:53');
INSERT INTO `sharecomment` VALUES ('4', '2', '68', '76', 'ttt', '2015-06-04 16:57:14');

-- ----------------------------
-- Table structure for `user`
-- ----------------------------
DROP TABLE IF EXISTS `user`;
CREATE TABLE `user` (
  `userid` int(11) NOT NULL AUTO_INCREMENT,
  `username` varchar(250) DEFAULT NULL,
  `password` varchar(250) DEFAULT NULL,
  `picture` longtext,
  `nickname` varchar(250) DEFAULT NULL,
  `status` int(11) DEFAULT '0',
  PRIMARY KEY (`userid`)
) ENGINE=InnoDB AUTO_INCREMENT=83 DEFAULT CHARSET=utf8;

-- ----------------------------
-- Records of user
-- ----------------------------
INSERT INTO `user` VALUES ('62', 'like', '123', 'iVBORw0KGgoAAAANSUhEUgAAAFAAAAA8CAIAAAB+RarbAAAAA3NCSVQICAjb4U/gAAAgAElEQVRo\ngS2756/n6Xned5fneb71104/Z2bOtJ22M7N9l8tdin1JWmIRE0UNVAJJgWXYCRwESEECJHAM51Ve\n5IWCJECCwJBlWKaiUDIFyxL7kktySW6ZsrPT+zlz+q9+y9PuvKD/hgu4gAufz4WfXsOyLFKFMQJA\nDKgkeq2SqqltY4uik2iajPfzrJflalZZMma4Pwqg5KNfObTQ923T6XT2p83YikKYNS2TLnOjkKxt\ntWFDaAghxoTJCbRVo1mxZlQcQZxIa32mlfdeJWk9GWdJ0jSN0jRIjG8qEujliQsBgscAlOgIYK1F\nxOhtK3VAUpRSpOhqBEySzPp4b7Tz/p0rikN0sLx0WAKoCFevfKhLQ50ya5qGURmlY4TQzMqslBAU\noGYCDLWzadlhjZNxw1r7pun1OgGh0x24AFla1o5aTrRJI7NOjGYUEGACZsNEMTCSEcy0oeiSMoka\nicGQRNuyANhWYmSitqrzPAfvyjSNNvoQtOZukQuiUikx6Vx7Vzk7retaRB7v7DAlrm2v378Upc5M\nrlXW1lXdVnd3Z4HWat+rXL2xfX8yGyYdvnjheDtt+XRf93p5dBKjZKn2LkIQgMhKR0BCsm2riUIQ\npZUP3jsfhSSfM+unIYoidzBpUacSA4ZofUyNguAkAAIlipkxSsi1ZmYfIyArVjH4IOJ8tM4pkxpS\nrXVsEvEBmFoXSROD9NIsSgXRBB+BFIII41/86G9PHDsKHhZ7PZOm1+9eH8zPv3f9vf6gE21I0/Lq\n1u7WpNJpf2ppZWng22k7m2hVeOH5xQ6/dKTrAxAhSIghWhets1ma+OC9bfM8N1p7H/r90jk3rWoh\nKotyOnekWFxNKQYnMytVNWNlgBNDITVsXVSsNYpCT0ToAxKCAIj44BSp1vtUEZMWxBgtakRgiKBA\nDJF1bWZUmWYu+q9/8IMbt66dPna8TIyIfPvKj5/Y/dtbd144fN47JIReMTAmD0Gyfnnl1vsL8/OX\nHu8vLa5k2nG8PUgP5rJiYe7Yvbs3DmZ7ooDPdjVKAEFljAa21rHiPDPWetYKiG3rmAhEgg9KKa3N\nzMrKa1/21jKqncpHSlEnbVsLCUdu2pqVNtooIkJINKcMGlBCUIlCZCBgRAZiraMLiUkhMBP74BWB\n1tqHqIlRYrD2p5d/MfL+0e6DM6vHROPfvP+WDfLc008vZ/MC7LxnUEmSLPQWp/tDVGqK/tHG/WOr\nh10zSbORbQ7mEj4yv4SKsl66ufGETw+SpqnSRLvWK8MuBmTVti1rLQIkoBiN0aNZ5SMQIBItfup3\nhHnqYCRGED1EZshSrVE5CYKcGhOckxCKPLW24QiKCSmgiGEgBAHWqLxrTZo11qZGSQxCAICxtb2y\nnFazVDG7+tbonm+whfjo0d0rNz+Y+ghK43h64dBpzSoCuBAUoEDMTLrWm//J9butbarZoxjHEv36\nYG6uVz4ablvtQ2zzXqqYoDM3FyQG2wJpAquZXYwxBG3UdDwrOqWNYr3vpLkXaGYRPNbBi5CIb6KU\nSSfENiIxgVYKvHO1A4yoVO1rBp8mJSLu7e68tfGTV1afO7Z0dBIFNcQIVdUIoohIFAmgGISptm2e\npH91/S9n0woY27pJVb7pZ4wkwIhUpkVqzGRWQwSjwMWAiEmSzBofk8HF4880s+Fo+KCqdz+o9hKG\nAJgVpvGh8YGfnkM2JrjISDHYRCcu+uBdlmTgfZJlaZa1dRsFk7RoWj//pT+yQUIQG2OIMckMicvS\nxDeN1kogkkkElVY6y5LvX/7Gntv74PHV1d6hROf363ub9fbB/sH63FrjA7FmQkYIIUYUIrDeJaSr\nuuGE3r19qWm1IJYd41pLKiENgj6KPTt3eM7MaZ2SYjapdzECiA/fv3TNFJ3UaIzxyPzyen+u283u\nPtoCNM7ScNRMxg0hQHRNjF4bVioBQhJJjGpt3fjAWh3s7TKJdSH6BpN8Mq28IJBOTcrMGCTVKUfo\nlh1GSpLEWxsgdrulhvjqU2/E2k6q2V9f/qsq7I92R/uT0c29uwowZ9YIwXtjDIDEKNZFTSoEC2Db\nafX7H/1qYVgmYp0Yo5pZFaz0Bl1qfYiuyNMQWu/dbDyK4jD4JsRa8Xy3E1pPFLOCfnzlvfc+uMWU\njoft/nYtrSaX8Nn5nJR23tVVnSQ6BAHm4D0rI4AEqJPEI3rnZy3O/ervO5UiUnCtCyIC4C0jMysS\nCRJdBGLOtMLoE60TnSwU/SfjB9Nqdm+ylSWZ924wP7faOaxZISsfIPogyNPGmSRBBhBQOmWtAfD6\n5nVrI4BijQpBInrrffDHV4+s95Zq7zb2nhRFX4QhxvfuPa4EsjROJ1v371xf6c8tz8+ZHpkupv2k\nt5CaDukS+OyAAFxmMolYt602HJzVWlvb5lkagosCmnla1UmahcPPCbAPUbOJmhGEmQmAFEYEQpZI\nGMUgzBcmQ8Ag851+n4sH44121oqKTdWI4lv3bhw7ciFBiD42wbcCQETAMURGTrRy3ntrFckk7DYj\nC2zSIq0mjUoTQXz2zLlFzAXYpOWHd68uLs4BZj97sDm/uGhU1kl6x1bmyzLsh7296VAAbGiUyUIM\n0db8/NG+RIghpEkWAfKimI6mZacAxMlkAkCJSQQT73z+K18LxrTWstLex6aZaaUUYm4ScFEYnfcp\nY8LcT3USbJqws02huFt0Xlq/+N7G1UyngNDpdrSSRxs7g/5KxhBDCES1F60VRG9M6pzzPhiko/Nr\nzx++8HjywAVn66AIgAQlHDx5cnrleGYURDiyesj55s7m3c1xvTS/NK1aYN/Qk1mctNEGlBh8keR1\nNVNKpybn5xbTRJsYo6AIYtW0aaJCCETEzDECAk+nEzDsT7wMUSAIa+WDL/IieBsF0jQBBongnQsY\nNVNHUcoMAk3TsMJ/8ebX33z7Z8x51Vilk7apPIHo8HDjzvrhcwgYYyCE6DwKMiMTECEzJYqjj+eW\njx1fW727fd/ZQIy6Y9rGPXfyjPEQxDvrNJof3tpeXTY7w6FOFauDGPfa4BzEDLmezlywLUQQjzHw\nucWs9q33obUtI3eLTCQS0nQ4SvMSlJpNxohK5Utw+ClBQCYi8t4hiCZWzDGG2jkAYCIQZBSWkBkt\n3hdZUmjeqB9PoWWFQXwUIeQYxaN31GzPHtm2WZo/Mpk1gmwYJYSIIt4TICArjGmm3rl77f79TQLC\noARid6746QfvYaZWy3lE8qzef7JXdg+5oBSOD4Y3hxPX6xR7O3uoMCIEVLax/aJbWc9PLycpawTy\nzmZZHgW8a5mVSZPgQtvUAFh2+8Vnfs/6mOVl1bQoUQAUIUBMjGKMAkABIIphKBUlRC6IEDABAJxe\nOvORky9ePHwGO83+ZLebpVXbKDJN6z3YhqaT0e7hhaeQkJWyrUuNcUGQkCSQxF/cv/TzK9eJEjZK\nGWak1tb9vJxs7x1fOk5sfnhzo46UmCSG0PqRLqgs2Y6HJNy0ruiW0TaKkJmBmD96bFBXMwyRFUsQ\n8Q0KcKJjBBt8mmYhSOujPv6iiFjbEgjpJERI01SiJ5TahuCljQIAWZIohoQ4hABAEiQKeucJCACO\n9U88v3rh6YUznz7x4lKurz25G4U9Uh1mDzZunlw7H1xMUqVZRS/W+1QpAXtnd2M4qog5gkOjPAdW\nRhBeOP3sUrlQBf/uxt7O/mRlfj7NoHGPVRyJ95WPjQRNQepqUrtJZb0Xoww/v95pmzrGqBB/GYjW\nOnpfZGkIwbrgAhy98Pysd7irlRfRKnE+ogBKSNgIkATQiTZMueboXTdJMDpDhDEkWisiZEYEVgCC\nPkYv6FAW0sFnzrz0sweXfRBAyPPk7uMP15fPzDwgMTMlSjGEjPDN999mIFtbEZEIR5eXX14/9ZFD\nZ1Y6i03rgko/fLy3ON8HEpLoxjsxzvqdNLp2MTe9NAHbrPR740ltlJlMpnxxMc2SjBDKPBNmCDFG\nEFQ6UcPR1GSd2kF44UuJYo9Q1RYF6hCKPFWAnjEC2PDvV56IABCBFEkSomeEWTX712/9y9s71+6P\nb1x6cPnm+PaV++/3hYRzVMq5sJyUD6Y7nHEQN+h1rj14f23+NCCrGNogxqhuon70wTuAKpIordI0\nnQv40smLihIRCjHc392/tz8d9LoirpeyMuRNnHmPxjQAXkR3egfD0aG5siiNLrTSGGPA1kUEF8Vz\nqnzjMqOttf1ub/dg3DjpRE+srAt5p2xamyjlJSIIizgRYeVc4Cjetst5piEK8f7B1g/ufst0eOkp\nTVIT1XNz3IRR0uUPwtt25+3htkuh/8rpZ7944SN/d+utBuPG/s5Sb/Bk+9Jy71yS5xLbaRtzlXQH\n5XBrhsgqZ6Pl069/Ah36aF1E5syha2wIEdNEgVT1bK+VKScQPAWHSZ4AKEqT3VbcsOoUhYooGK0C\nIZTWB8M6M4nWukjS7Z2DLEs6X/ojxWxbFxh9XQGzRmqcJ61mIVoXld2+f/V9MhNm2Mh5MVl4/swL\nP3z0bdONvS4mFDKtC9RO7Fzaq+qmFmd0XD7T2T4YXh2+++Cd/aNHj5KdxCwdTyek4cziyf1pAMKe\npuDAe99bGExHM+/j4tK8AnIhBPF5WrZtdfPRlptOEBZMmO6Nh7vVsOwioQfygeXu3Z0zxw/P9isF\nuLy2OqtmKjNJS16hSrJsur+jNVNEQhoe7CMTKwMSEqOjzvfGU1SKFNfWAzEBYmx3Nt4fXrnyj7/2\nH7/7/tUXXn6WSZyNf/zWn6RdlZqowC7q3id2T3e7XR9UocrW2MDycLq9F54khW84+BPJ3nDL1/H8\nU4uLg5Xd0d6Ge/vKg73PXfzC3pPdzsrRblZs7Y+jRPAynVWNtwqV0XnrvKSlg5jmhTF5Se2+b+fn\nClS+rn2WFYmRbI12tveJk7ynGj9mELKNRetyBKlnh+cX+mmqARINilEiRsxJsQ/RWptmSZKYqm59\nJAAQZx8/eb+e3K+Gk4Npc/36LSVIIv/XT/7S9Ey3oxktR/zI1cFg5J+8eRUqV+9PUsu858521ta2\npl9IT53NV1Z62fy8pCYozLTIobK/nKWfOb9ayaX7/vK/ufyNMk2isz5GBn3+7HljFGkVAVlzqCrv\n7eLKIqKI0mdOnCMgRZpIz+p2NJm0wju7VZl3tu4PJ/u1h4xfWEvB6EhgvY+hRQJg7WJ0kWof4qf+\ngIRJmwgowtOqdaTaps3TBHXYG90ixb/+xq/+2Z/86Sc/+eriQqey7TtPrrc4LXNVVU0n7a1/GLYe\nPVJKWefTfi/G6CGw8l4eYnyyTL0b44OhrVXB05ErDRWp0ZQZVUgTLx46vlgkm/Xu4vzaeHdKRu8e\n7BxfWitUFmKUiEJ0d2s37fUUiqFoKK2nIzRBKVIIMUSAuH5oMUlosLTwcGM0qzwpiqGqycdEmyAs\nAZqmqqppCE4iKyZkmrW2cmFc1caYCBJANBNFOhjNpk39//342//gv/qDC+eeUsR7o1nWSXKFENp+\nP6uldrU1JkFDcVZpF7QiVDEExxJTpWG68eud4wt5j73P++b21qxygbUyxMudeSW42uv/ytnTZTlb\nP7XkbF3kqUQUER9cQC8Erq06mklcxFShOrt+lpxkEHLSRZp18mJvb+9gPA4UDh1evnD8WX5mKVXK\n1LaNgrnRTCQi8/OLe8Pp2Gt18uU8TQnJhaCMAlbRRyIkZoIYYuvwgLP88o1Hdzcf/2x389bWrQbr\ntHCM6ENr0Jyno5mH2WRaN1WadZGURBTlIzxJO4kPAshPd85cb7cs+t3Ng0F/oFVUpAybGCJITEWV\nRTJ2+y2oqmoW8m4/60bAGIL3/vK93aRf7u08qmf7u082Or00wvZykTL4nb2DWV1rpfKys7m5G1q3\ns79PeVY01qFAmSZKq73RRKXZ3mgogPrz/7AoMjTkUFgrVBxCqEMgnQLGNE1PHb4Y68zk7DqzbdU0\nYbbV7IdoU5MJUpKkiLJ64aRzNsbY68y1k5mvGle3hvNZ3YqEoigYKrY7X1v+uBZZXMvvbu6GEBgk\nM8zsNRkiGCS9hSLv9AMZSbJURMTP2qZhVKnS7GA2aRaWDkUFv7j8/v0Ho1HDRhcr8/25XjfvdmaT\n8UJvHqUzl5RqNBnbptVGAQAAFkXR1jUCex+1ZmebaDGKiGCM4LwAUIwBgUVEAn38pS989yf/Jumb\nzgKykt0dh6x8aEIMHIiQd+txNa06RbdqGs7z8WRSlqUbNWGa+9pD4hFJUVvbMURROo4aJ8weQ93a\njHIfbURigSNzK7uz4Zgmzs5s2lGcojxRKoJRKs2PHDklEdbW1kdDiYo29ya7O1PwMhqPF5e7Rb/T\nLdYzZdZL5teOdTKjIQRWXNuWIjIrMmllvTn7mlGslYpCDgAg+hBaH+vgyzSREJSiDPX5Y+fvPr45\nOmjria/aaTFQiUFNHCMCYVXI2XohNrauJjZI0eubzOiiGE3G3RWCOCYBpY20s8PqyNVwkKVlbIPi\ngMRporViFx1EERGlqCV3a3P72UOnb2/dWJ4/Ops8vvpwpNj1ujmgTsivLqxU7vaRJbPaV0cOd+b7\n3acOPZ3o3nS82QivF4acYG2dMakXGQz6TXBtcNNZrT/5h4owRQiAAkQgDAicCyoJzGQUs1bGheh9\n/OyFL/3Gy7/51YtfyjJ0jdMkQGKdjeJuHNxJ1rpVXRuVkDiQGIPUbSVmBDxi5V1ogqu8nSyUnbZx\nXtqDZjZpayFsbBu9UMA2RAEapP1+aYiDeHV8/sRwurE3iRjrVNWIcXJwZzKZRG4R2dvIibKuMtjm\nambwoDTtQFXTepfEe2U4MhZpMtkfudYH4da2kmWZImZOmWOMWjAx2bSahAhJkjXOEnOM0SSZoBbk\nxoVA2aCzhpTGgIPShOiStEizYrZYenF5nnfToh2NnG3zjFcO5y5MicgHCwCsCIMljCaBnYNhhAAS\nWhcq5ynRokQoWmtLztaWu1vjTU3JQrr+1Oqp1Lhq+KCuHnXnjs7PrRY00CoHUlobwQzUUuWLtnWp\nmml4tD8jgug7Jjck+6Nx1k17nSxLWJvU6BQZausa8b1u3u12J3Wjk8wGy+Jyo2MQrbWzjUhIGFPC\nUqu5Yt6gGVeydTBb6BXRtT40/6r5/vIL54IXV9foXGoSiaKgYYnWNWkCzo1Ym9YMlOHWu1533qGy\nvg3BIQkKaOI2Wp2rBDGE2cNqSzOBJhLU3XM8/8zGvQe3r/2kDbI/GyZlfxZpb9Rap2xI2lA6Wh/7\nIwf+yPJcyS+tGVZkNNvWdcv+aDQaV37ptTdqs1AWpTI6WE8gEv32pJp4KMtuolVGkmmOwaHEhDhV\nnKc6TfjU3KHvX/khJkiEJK33Pghpnd7JqqXro7nuQKzXeWH6HerdEmnSJEXk4M12Pfj69AMgDN7a\nJhSFYaaOKRWjAI/rqQNXuUq0anzzZDh7aeWUb3a2q717Y788WBnMHZ9W7eb9qw/u35jszBgHVVPv\nbw7Xls8JxAiEVDx58vDR9VuqKNLxcNotO0bp7e3tJO/6AOPll8rEQAjeRaWMIgKisoS2Cvvj2Uq/\nQBQvkVhnJtUYI/pLm5es3V6Bzn/2sd/+55f/cjyZHT6SM9qppVFTOXDHv/rp5md3OiqR1oLzLkaV\n57aNwaXcv3B5/7GtbVkkMUorgkIuuN12f47KlNihTGzThsq5EKNPdekEDc8dLTDig63JtgRbLiws\nr728/fjxaPfRwYf3WSJp8+aTN6N4iYhKd+bMIgp/9GgXgBSzdS2xaVonLmbnP04A/O/hjRAhoRrO\nGs/o61Yp1SsMeceCCUOqaTIbzoPde+fJ8ycuzC11bg/3ajuO6OZyKhMSJJH4i/b+8+aEr6btaKz6\n+fajnazUWp/bdof+nb/7sN1VFJgIkafjdtBLIbSTpqqb1oY2KpnWI+99QPFBmpn60d2rz66djJz8\n/MONlUGfkvkYd5y/p3RNRW66PS/sHfQ6g6W1QyfPnB7a6VKWd1zLLy0lRjEAOBuiQAQ10YPs3GuM\nGFAqH01iAMSLNMG1AZBxvswTrYN4iL4wnGj1nZvfuP2Dqw82d06uH/7TP//mH/36f/TW7StWbNnJ\nDPpEaxfBiVxODo4nRzrrKzhX0vLhjWz+6weX3msfTu2sTA0RhxBjhKbGxX6Ohvano8goDCE4pUwr\nflLXrdfbe7Zuwnub1189fv5Hl7fENIeKgyY8VaaHsnzOcNMtg8pVZd1sOq2b6YN7Dxz5oh3FyRT/\n85f7iOyCz9LObNbujKvyd/6p4pix8phMmiY4N9fNW+unTTtuYiOQMs7lWoIjiQsJFZpvbd698vgX\nwx/ejT689tpzn//U647on/31/57OxZOLPEhp3LqZldpjcMr5ECUgkgLShkSC0hisK3TStN5Hnoyx\nW0Yy2DRNZhKKkKhEKdje32WV7m2H0VQLonMuNSoMFxaPnU6TmDXX+lkzDGeU7hpWwbeKwGgGCI23\nP3/vx+dmFWrFrx7N/C8Xb8RR3YBK1fmPJ4oNEkvwMQpK3dqozNSBMtqI6xdJkSUAMSHMTaIAOlnn\n/Yfv40r5P/7hH544dhSVIsBXDl9488aVqXd5mTDFANDYJkkNKVKaCkOkRBtGFBIgoqq2Dhnbjo/W\nJI6BiBQociLdsiBF1oNWan8H69Y5H4o0r2bVkcOHlIcFvtJSZ6+eH+7eJ7e5+eiDvb3NoruSJcrH\n+M4H7y3M95a8lxD5lbUOIZJSs6YNAeraxXMfL1MdG0tJtjtpjEmU0ZoYfESEXpnbth3XrdGmb3RJ\n0TApovPrFy9vfPCDDz98/ewFAtE6+e6dd6LS08ptHexnvbL1TZkkAgAQGQUIojiSaJ1zMbbWqUTb\nNt3dbuuqESLTMUKhqhuFalJVs6bVmh5vVBiz8WiqE5PlWYwhhjrrDmpeYc4lTvMiPZjNIiCEzubj\nB1sbd7d374Pi1f0DDeCC50+cGXTLvG7qJC0OxtXg9Avm6IWOVsbwxAaPYJTm4GO0gVQbwAcBNshU\ne5jWdV7kBKLYsFanVs/e2L325u0Pf3Dnw7ce3dhsRi3aNDN1Ew6qOs00QSAmHxyyqp0nJuti8DE3\nKSHGWOw/jjFV6WKadfqPb26XRoPIbFpnOWcZt04fbPj/9NUvvz+6x5Fd9KJC62N3Xo2H9+/dvD05\nmIx2q+HW1LeAqTzz7MtLKycQ0p3x9rpEkhgk8GtHinZWM7Ft/Ghq7Rf+UaJVlpAGmM9NPzN123aM\nLhXN5Vk3tP0PLyfcbuOH28N3W3sA6aqDxCQGYiiT9NzhC5cf/oiZVA7lIHGtt038ndOfuvL4LkKb\npRSjDh5abxOtINhMsyYSViHmWw/jKy9//tqDK4KyPxx1l5cy7D+4taeonIzFSzbajr/xwheRkpdX\nz116clujkeBJUT1tx9sVeRV9dE2TG2Njdejo6lpvjWJ89+bl06kx7VQxKmAFThrvRLC20gIOkGdV\ns5D1tAmAshRl8Gf/KrYuT7NU6RgjFGU+mn1sdT50Vv8fuHl//N04bJYXP7va7fajLzT/0Rv/5f5s\n8ne/+Ibf8s+uvXDm8EUVwz/6xJmtnZ1vPvyXnbJNNCYmB4gYUtt6gGTzvjt57LkXXzkyi5CC0sg6\nL0Ibtuww73X+/kd/499e/uavX/i89RJBb1ZoOE4mE4pK68T6NkkgT1Mbg7WhOyiH09FXv/y5apr5\nKJQQjocLprDea60DC59fxDzt2oCVD5WF7JlPzuVpwUAg1ksk6H54Kwkx5ZSFTJJrBOVt83gbD6af\n6j/1sh+8afb2JjezfNkkXUFyznWT5NjSmbOHzi9214S0F5pYj8zPrrx8bevJ9vYMoqnHsLODwz1c\nnHtxbf1Flc3VLjLJxs7NJGdCsLZFVJ96/ot/8cOvY/QLXZ1llKbJMJpJ6z59/qV3bl2SVhj5l5jH\njS3Z6KKHBm/cvjOKD44snPrWd797NFUdqcsyEwkSAq+X+e7YeUpPv/rlcvlI3VtNDOVGG2WMZiDc\nOXqofvP7sa5YQFAWzp+uteo/c0rWF2ihp6r29bjwk3wLk/08LLV1ZGOCCCDb4FViQoytc6SMByBW\nnz7+6s9v7+wN88XVC/ng2NLqedKFi6HXG3hbE4CT7aqtQ4AYoJ8VB5MdkyzlTPcPHr107CwjX9+e\nVW2TkXkwugckJqOPPf/M/e3tAFGxDpXPurq7lr5w7nPVrN7afvxsEY3m6CIgeR/4M2989fW/96sf\n//Lvnjx/odbJTtBzZcHiCaL1kiZZt1M+/ttvGlKJMdVkOtsfLlw8z+tL/2T3Wz+jjcvlrt4c/cpm\n/2ed0YOdG8dXzzOCBEDkLCvAO40SkWsflTLWxxTDm1evsNZ708lgbk4bhSA2OAzh9OHj4+no8eMb\nTRAfIglnlM3NrdqDu5ptt9O5vffoaHclSlZj+fbN9585/eLy/Mrh5WNG9Z46dGp5cXkc93RXU8Im\nM/Pl2tvvvB2iO5mSUgxaxSiCzP/zP/ufFpZXi7zQSv94e9q4UBhVZokEMdpEgDbi/Gfe2P7x9+ZM\nUaRlked+d4QS3s0mB7Y+aMOdxXBzvS47FNEf6p5mToSp9jbEGAHbGGfORWQRYEImeOvae1meOe/S\nTmm0KtIkN+raje/tV/fvPbjisCXSLKaf54fXn7nz6HHMVpb6h9DuBRhffXJ7deH00LuinHPe37j+\no25Rpmk/Em3v3F1fPTIe7tjArz/3OkS1sbv5ub5SKCjEIEICEPg/+c3fMtowUZT4nTs73aJUiBSD\nItRaKVaImBoz//FPzn3uk9WHV1xlXdtmZD6ZHH/KLP109lAhV9PWpHmu03ffvPT2Oz9ZP3IiTbIQ\nhbQZNoFYiZBvmzJhRfTuvTvT8SRNk7LX7XQ6AO3+3uW96e54WreBZm1gMLG2ZTngdNEFE2bjWI8x\nFp+/+Mm7Ozc3tm5sbX04mdxL0ph1Vw6Ge48fXd7buWPrelaNOUKZ82JK0IkAAAqRSURBVMF4Zzwb\nPdzeeW5QRuvSJBGIPsBsWuPf/L9f18YoUlmSzJr2T67tptIUDL1U5cZY59vIitFgzJSprGuapluW\nex9c+vNLb+FAxySggajablk0Q/e1F76GiLcf3fv2+98Hok+98IYVHalACHO5YREj4erNa2/fv4kK\nV04enkuTS9f+WiC2DSagcoUzJb52v3L+WUhWN6b1zvaeImqGs89euHjnzl+3rVM6Pb52/PHmjapu\nRdo8zznpFnlv49GTyeig6PSqmdvZHknZ/8pyTzfVZDKJCADQhljVnn/vt39LsWZmYmZSF5c6HYqX\ntytUiUIGBCKlSCmFIlGbpIlgY0gWV567+NwzJy7ev/loXNWvLz31Oxe//OL6C21EFyDNe+dOPHvq\n0MmeUt/48V9g/si2OwvlOvgIEK48vDmqZ5Wzhw4vj8eTkvXJ1ROphrTk3WoMkW3tT596RYzeHc9s\nG0KImaazS0eWF48Nq1vBNttbjwCNMqXSg+WV05nW4/GG4KgzSNIMW7+9cmiw3/DT4JEUks6yzAlK\nkAief++3fkMRK61DEJ0YpbiXmBfXF4yb3Z6BJjCKBaKAiBCCJIoFDTHFGJjUc6eeffHE88uLR0eO\nai95oo3mCIASFjsdRXTm2NOHek9/+73v1en9+9s/O7P69Ns3P3SK0rxMShO9P3XiTFH2ltZO7Y8e\nx1YRiCAszy8OmwBEtmkmo900T3eqydHe8tbs9pGVzoXV83e39k6tH7FusvXkzt7udhQWzCcTB7p/\nYv1zH9zdM1pdTDE4rww75yUEAe9b4d/+6n+YpVkAVFqPhwfbGzvC9P3vf/+FixcurPS2J9PdKoDi\nVCekSABnrZu21klkIK0IQoi+RabGhVqwFXDBR0GV5tPGotJ1axn1c8dfOLXw9A8v/XycbOxs7Fvr\np1WNWiV51u8WQHTn/jvbW9tP7u30+2ZvZ5YqXFs/NayaadUonbq6rSe7vbx3cuXpB/tXtAqvn/i0\nh/nrGzemM982bJL52Yi4UbO9yeLqyq0n9z6r2gQhS9PZtBLA6WycpenYVkozxRhZK5TYnev35+a/\n+Rd//pMfvPtrv/ZrIchrxw/70GzvVT/crpY7WYdjWWjk4tGkqgVaRxolTztVW1tjAJV1fuZJkBJB\nnWRNnFma5gn7BqPF3//U3xewty79c07z+U6n6HTLbs+C9EwSoz14MlaSaa0++7HX3373g4WjuxIJ\nkRQT5sDUXVlaktZWU9lW07n21sm1V8bTX+kO8o2d6xH37zw8qL1SReljJzVljxpiVTWt0arsdDvd\nfH86CiL8+7/7W0QsAlrr7/zF35w4d/bk+XNHjh5ZXFxAYokeIw66vacXiq37959IKto0bcsgxugg\n0Yp4AAdAROKd1mbaeh/B+ogU//bG//awvXlt8+e3dq+O63GZ9b91+y9PHTu+8WhU9EuHIckS6x2g\nHJ4/tHvwoJ1UZ84c11obrsY2thFERJCClxDDycFSdKNzR1+4vfNOi+21O5c3tm/d27w9barR/jhJ\ncqZ8/fBH33v4Y1NPnut1lVLRuwjgg48hACAh4r/91/+iUw5IaWUSiSEGvP/w3vETJxBAKfX2j3/8\n4suvWu+UMlfeee/Y6RP3t/bfH7my7CIF5yMBesCqqRkZqLlXv7U32aWQr+Vnb+7+4PljeZ8teO9R\n7dVhWlVFEkVl3/uWBZW3Rp84fXyx14vBFQyFou0nNztLR+qgh9OpIn3j7sNBp5jsjUIImTLPr52a\nKxjizZ3djSeTu68fvbjWOXfvQJxMfFvNfNgcbt96cLOG5EsYc8VNcFlatK3zrs2TdNK2M+/4a7/+\nFWUSpl+WtAaCO/fuHF47xMpMJtNjx06wVsP9AxDZGdqfv/n2q6888/Ry79Qg/8Hdg+06REJF3CmK\nbobfvv9/f3JdnRjAyYGfmxux8qs9zQxETASDLMk0JIZTjGdOUJtER+n+qOqmetDRHCej2e6gdwgC\nvnfjF+NhU80cBKmdRUQJAd1sHH/ERpfF80jtUl6oxGyM760Mso3Hd9s466rmUL8/xPm2cWeNJEZL\njNNJrTV0+9269STQOuT/4Eu/mpUdUkqQiIgUXfrJO6fPn4uIl3/67ur66mQ8stb3B53lxcGxk4fz\nvCAmInxuufviaqffVh+O46RtvnPvz37jbH9Y7RmNrfVMcSlVta3bqlVKAbH3lhV7YVYJIM51qN+p\nFrpVdHc7aiPFvRS3mB5v7W8I9m1DbrLftm2SFcELRP/xk3M79a3dyf17j68eWvyMNkeciw+GV/em\n2+cOPY28eG+U77ruh4+vfTGPXNfECKiUoiigVJIb7UJsnCN7sBdtCyEQQWu9RHjjK1/8J//0v8YY\nILQANKmmSytLzsrewX7R6QiCiCAiESiljh5e/oOLi187t3CmuysM8/lAkwZ2k2Z80I6mzWwmzf7s\nYGv0ZHO2V7kGfFvVk0kzJfClioPM94y4ehakEVY+yFw3PnV4hnjgYqKMbg4eh9nB//DJz33q2Ov/\n+CP/faq0LqY/e/R/sPheuvD8yd/dbPa/8cE3u5klVdS+ibHWs2lZJGWa9ItcA811B5mSSX1AigaF\nwf/2oytf+G/+T9ZKGZPkBQDF6A/Go+/89d+98fc+n3UKCfDo4SOJ/uSpp8IvDy9IgtA4q5BEcDqd\nlFnmJETAv7r9xxaHW+MtL7GtXQRIzS+17tDYNk0T17peMudQRtORdQ4DKU11W0cngkhadbgQESvd\njdu9qagkS3uFOZtVrx5/Y2bbJvp/9+EfewiREdt2vZ+eW/jCw/FP72w+WU4/fXXn5m9e+Mj0p9/O\nDRuT+LYFxEk9K8v8YDIJkVCYXzvaOfHRz5HRWmkRABAiSpPkwrMXONGMeOWDX5x5+unB/HyQyKQQ\nSQAiIokg4rvv/uLvvv39bmd+YaH/+NHjjxx94/zg9QU+cmX4AwcQJIAJk8lB0UkRo/cuSTNR0YXK\nhwYxNt7Oan947cLWENoYQ4yss5lV28OZc0XrqSzLyc7OV1/83Mjbt29+68GTOx97+rdPz79yau65\nG/uXZoFu7V0xme8oPr367PMrc+6d7yA2SqumroCxbqtMawmxW3ZnTe214o8eSU+/9hUgJiIQYcUA\ngkjMHJ3XOllZXo0hKEStdICIIgBCGEXA2iZH9frHP94ddO5cu3z0xMmqrlSSLZQrH1v78uurn39n\n5y2IkagpE9qbjMZ1Tahn9XQ4mTqiqmlCpJkrHz8Oi0tL3e6c+K4PZQhqaW5pvnN4Z3fMKF85+2xS\n8Hff+cYrZz5xdO14jO0P3v0mmDyMslePf3mhOH5z69rj0Qzi5ovLF3evfaBJKQlZqtlHoyg1mnXi\nI7JS4AP+dx9bfv0f/i9Znpu8YDbMbBItv9TxEAMIAIz29/u9xRBcREBEESFS1tqN2/eOnDwKrEII\nzCwSMKKIRLHeewQWQoh+Vo3+13f+i6xjqtmEGactVG1UWG7sznc6/V4nYfSIGADryvbSvJoNs7Qz\n3O3t7VbtZPQPvvDb4hsAf3/r9q2tn3zqhZMdPSgo/dMffe/Lr312MekEG631s9mT2TuX2Lc+ihJM\nDZLA7v7I5KkLIURuLNjg/3+itvuseXq1nQAAAABJRU5ErkJggg==\n', 'like', '0');
INSERT INTO `user` VALUES ('63', 'jackson', '123', 'iVBORw0KGgoAAAANSUhEUgAAAD8AAAAwCAIAAAApazVdAAAAA3NCSVQICAjb4U/gAAAZxUlEQVRo\ngTXZ16+m13Ue8FX23m/76vnOdyrPzJwp5AyHQ0rksFgUqWKrRE7ihsDJjVKMOAF8ESS+DgIDKUgu\nAl8lF05BErgAEezYQixZnXSBxFCk2Mkhh5x6evn6W/bea+WC8voX1rPWxfPD1JABCKAoOlx9YGd/\nlzQycdSYMNWgJCpgQEMEYEaIisaIF0JCil4QQBSBEdglic2betrprTLDbDq3RTY5Omi3+5aN59pP\nJk0EUglBgRFBSVGJWBVEVs9c2b37rhGNBOyKGBYUFBAQseOycb1AAlRSlM9fv354ctRffQBTBgOm\nigERDIEIK8aUKIgEBkYOXrPECWCjtcFUmsZjQEBVJYWVwdr90R4LELMEZcSoCigGTZRIRoMQKSKp\nIJAKgxWUGBApMEAEMIgARICM2gQhhqXO8mhxEn1kAEVDDBiDAhCQqkbSzz39eAHFj958hZlAQRBB\njQkiy6sb9WLaiEYEFBBRAPUhNBpiVNUoEklBFQCNoszKGSkwcARttfp1Uw6Hw6qs+xvrlGbNYtEb\n9h07H3yeFWQMShQEB1GUlRAZGDASqYqoAKFVmDc1RgnAAIoqUUUBBIBUA4MR2tk7OLexurQ8ZFZQ\nBTIgXqxCU88AiVVBuej0JVRqjIIkCSRovAAiKIASWBQVECDAtkDFqlUoFWCxWETkxWJcL2YIOl80\n3d5wOh03vgqNFzAiAdEoR1YDICCKBCwopKiEAAoMTA4FSY0iAQo5JlVVUkYCEN3aeoAgMAMAAwig\nBRFQpCCiCuhcvZgFBVKJCj4ARFFQ+OuJSILIKIoeAQhRlQDVWMMECLHodax1MXrBmDiL1qamZZlF\nApKqsKKCmKARoxIBMDGAqIKCCgpKCCCIQdWiIqcIXgCLrF37alCQjcxogAEIIAgoArGqEIIagwQS\nANgxmJSQmdNWu8OAnKAEYQZVdAiiaIwVVAW5+PDjx/v3VSUKNHUTm3pl5fLJyV7ja+O1CXOPMUYF\nAIGIwBEiEwIY0chgEFAYFJXIqEbDJKiWIKqqegUgorIuQeHgdHZmfRUtAgIogAAigIBahICgCkys\nEhWAFARBgYAFIgsI4E+vCIUAVAlZJBKQoCAiAKgYgqiUtHvMojFCtChBFapQqgQGFCKMUQFVIqNR\nCMEkNtaMFFUSyRqsFUUFHYOqWsUaAFEZiRU+fe1hRgJBAAIAYAT9+PMAAICqAoMqOEYiYAQ0ibFG\no09dZpLUsTHIAQQAFIQoYSJRJRKiXAiEwvbWw/v7d9X7OpQSqka8iAIahQBRBFRQUQGJSFiiNwSA\niaAsraxX8xEQIAEIIDCAkpKxHKMAwEovQ0ug8PEPAVDY2NreufeRKhgDKkCKgRUUBAABQEEZVBAQ\njKoiMFIkIhEEaiQAIJBaIA8EqkhRlQABRJg4ihKytUnjFxjEJi4qqm/QJqwNWBebABqcseK9KiCB\nAKoQMygAqxoADwAqADho50gEluCTn/jiK698qyFIEYKAKhRJhpZDCApg2RE5Q40KTeo5EUW1FkUR\nGlADDK6p55K3cw1See9cWlcz8BGAEECZiAABVBARCUQVP14sRUUAUWVmABMADdYiggoKRKikgIjK\nQhEUUVE5YEBRAQsG+ePcI4B+fLUQADLFWhQQVMCYhGzACIGIAUE0ICAQkIIQW0xNXoUmxkjGWmfb\nywOo4/rG5qC3+Z0fvAT+DkgEFAAFMKwRENUAqEHRZ568HiWgopB3qhCxQbFAIoDqGzKp58hBozoN\nC40hNDHWtz7c8ZGUFY0FIqQIoqqMziRBPAF4NUFrFlAGAGBAFRUFJfrX//a/JuSis1wrt/i//I9/\nX4R5u5NL6RXSUuZJwCqjjmsjmEQrtUnDQpFJBYCiNgxGVdA4iZpnqVFVIktQivSYKnAW1YSmQrAq\nUVRiACSKVkylUer54vs/+okHMYah18rXV5ZMMgCqmSxqNCZLyIpFlFo4i9hkbD2EF198ySEkLnMB\nj0+Oy7ppz8svPX5la3U9WueDGFl4al5+8aWLD21yVGM573RbmVVEjEFi5CAfzpdjLLvxMGg1Od3j\neIwcW+lyZ+vR996+UTdR/IlEOVFkIu/DXBsTI9TVNCa9FIPxBujJK9s/fOcD/NTT16wwI9qs1S4s\nQGCXsdFe2s9zl7UjqjCwElbBZzZVkxprEqK6CYap11sfH793UHU6UDJP/s/vfY08WAudvqlqiGXw\nFXzql3++vbTWzzTkW2Y+ngrd+eDN8d6tVmrIUFlVJ+P5c1/4Ernu/u64d+5n0TfeB4VIyBDEEzZN\nxOhFPMSYRK2yyb13/uIb3/6hObOyUTDXFIxEMJYgixRyyqN4BZWQTed1rMuAFSsXF8/Mdt5Pi7zx\nOlnM2YxnVZVQy5W7f/Inf1Sw2eizIkMTKOsspqciMOhlf/W1P/25X/unPhmIX3DeObnx8mL/rY3N\nsywzS+me+M3l7t13X18bXLz50cFTW2WDFq1D8D54tEYlWMLIaoIroQmxZJ9/+zs/SjDla+c3Fb1D\nS6wpAChaZCVJOMGcw2zx6o+/tbS5FkFOD/eaeo8BxpO3Fgt77qGH7926sVhMTsanr33zG/0OrC1Z\nMtnsuJ7MpNPHDK2zppEmQakO32htPgyhikhvvPjtjbXhcCk/c/HBordqtAbS0/0TSbPN8xcmOlQf\nQx1mVVVXvq7Kpg6+avZHYxAvQea+sQYM9j+69zo/evGs5TRgAPChCUCGUJuqZKiSLD08/H8rGyuG\nI8jCJASaLcpJqKWUk8X8oKH44rdeTY5v9jpUtDOkZm+3KjJjEm4mdRmDSbitWGTQX0EeXG21O1H1\n8sX+4MxjrtufN8nB6Sjp8nD10tG9G8XS2urmZdfaajmXZM66LE2pk3ZSl9y/ez8trAFjuRE02viz\nWw+8+vL3TZo6RKSoUDc1u5xF0ORFgXhYN1NOVXRxOqrS4pzT6fF8lKU+a3cK6w8P9nw055OQd50D\nV07mtVfL4CUULdc0ibNhZdid7dX9VSynp5vttmJkje+8c2vi33vo0tBjf7C6rhFvfniH2z1J87xt\nXvje15955stknQUJyuKxQiqWu500ySxHwjZpaLyvS0Vr1EQLWcPBug4RGesEI1Heyjeaai+Uy5U/\nTLOB1rdKLYp0f6loKy9CNcFQHb7btEDnk2bWNMzQ6SXItp41Uja2rYPOIC5OkkImh5B2025/E3Gi\niJcvXyk9ZBk7qsV1VKsHH7y6v9+enJ6Wi6o8uOkxtij66C2lLpGfvPyjhy4/duPtN6r50awsP/HI\nE9FokWRI1hgPjVYNEllUiRjQFilGRdNiPhvhQ5u2o458lTDPti89eXj/Qxcsc6vVh8S/k3Ts5NR3\nu4A1zMd1ik3e7/tyalyc1ie9tOdh0lktpofNyf03V7bOTSdjCZaa3WlIcyit61q3FAIuDbeypFvP\n5qnuWjFeSH16dLTTHQ4e+8RTrtFrD3+CsAlAMfoodYxMmPLFzXVCLUzCEhkAkOv5NE2iS9vlZDYY\nnhFt7d3d44yHa0/sfHTHULpze2dp5+ZTn/vNV1/6Vk7U65pFFAIkC0W/kKbsZo4MSnCBxKRu9/YU\nEjuq8P4Pv7v/4au3fvKq6y8N1i8UnU0/PQIw945Gh6//8e7tn8Q6TI8Pk+XHsnY2KQ+Pj/dWVjdM\nFDVBDatGA4AqEcBo9fgTP8OrHUeAB8f7ZJ2iCYt5AF7bHIbAk9m0206q2SzJO8XNt8/dvdkd3x51\nznSTzspDX7r9/d9eWdk8OhyVc1geFlUTDXK5qIpOdzGdL/XypEXNtNRSU6OnJ/H4zn0pF57UIt58\n7ebt119zm+d6S9s/+cH/5tkdw5gCSnm40PTi9Z/PTZqkxeryeg0gBCRs1AMy+RiJQIFEQCI/+YkL\nEJO8XYCvhLxQnI/Gg+EyhFgf7Qze/sZle6m4/4NZCRrrg5kc7e3MSW68/lfb6hfnnqIsnR4doNZF\nnqYdZgDwPrUsLlTzMkwzR1KrS5xdVDgJCNDMZ96k5nQaP3rzjc1rnzr96KU0SYqideGxZ/ZnPJH2\n8tlrxrYMGCVQCAZd1IaQAyqwDagstQQEg/zE1YeKtnM2s+RG84XJNS2K5cFKnI17H3w/Qfhw/31b\ngyDUGuad1tCGpcJsb16YTg/HR7tbV558+LNfPv7oxzr33S4z5fXMBxarSZGkcY6niwbEx7oRjcO1\nrgsGkjiaxVYnbafNjZf/vNV3D15+cPXctrg1V+RXH7n+x3/ytfPXnnSGECAiIwaMSVBSDLOmWRwe\nJVlKBEHYGAoidjYZpS7p97rtTrYyOI9albU9kM1WOjYwG+V2wVXSQHcyS5bzrDyux8fNHLotef4z\nP/v2zu6jv/gbrU67mk2q0bTT75f14mQcT176b/0zw7BbSQOTSAYkzMNoNp80mlo7Oi1Xej1ry3KC\nSZaqVAdvfn318i8XNF2Tey0BRQBBi0GV37nz3oMPnDHILstwbTWqBF8lGCntDKwpVlbXi277/fdv\nHt8fJbyYzkZ688/uN5N67dGmaI9G1fSUDys7TTGCP5pAYmkwgFBWH9x5w4/2Nx7Y7LR7J298c+vS\n+fZgrb967vQv/1c51enpwhrna2nlbUqyKiwMakGQJb6VwtHpqGzqD24fh0W1N0q7l55rEuej1NLs\nHo6Ox6chzt+/+Q4QXLv0MBij7EhCJAWQiIRq+NHz1CqGiN64ztlz20tLbZN1LMbDkJsiT1qSjG4f\nDR7m9fWz15+t55PW6LSlMJ5pXsBBnXe3z69deJiYsF60z2yzTQWqg53dTrz77ocLA0pJ5n15Z7eZ\nNX65m4x96PdSXwfgbLmb1iEC0MYmb5y7hsiL0R5E3t+5+8nn/m6apsbZfn9g0AKqJQEISggAPkTV\nqOhNOrgaPCZpJ6EgnEpwgtoEVwzXsmZ168bXf5ic765sHb/+Z9Xx6/2g7vovfnTjx2sXH2ltrT/u\nu5Sd1qP3pid7g9VNbcqyrlxaZHH27t7O5lqepm4Gzi7M9pbZ3fN7RxW73mQ2ygA2liFUsUphWunM\nPMj5eqry0YfvDleh083G5ShPUlVOGOoYRIGJxDOTglA9m2FiW+j4oc5Ob/iQD4243IjPE0jzjs6r\noDP39rdIm/61r4yreuvK9ZNso9Xs6P5bX/zH/2F8untvNBms9Hot+8Lv/M7V574AUpbHt+tmJrUe\nHR+c3L03Oq3GoyalOsZ4dOjV6mAJJUrfSqdluFVIM1PKxlX4whd/LnXJ6fFhp9uJnppohNpp0bEu\nM1Ir8I0PPmh32sgMqDaqMSZhDur5C1/+laCUkqW5F8P94ZqKzBYnKl7XzhWXH7GtAhO3WDSPXr1y\nwPn9/ft/8cFfVk6XV2JVRtZy7Uyvmu6djka99cfC9M7u3uF04ZvR2GYxNRKizgiTrMXKDqL4KEaD\nwNFR04iMy/DFX/gbs5N3CzrM0h46V56OLj3+1L/77f/0Mz/z+W9997svvvCdxx+/Lg5s4gqwCqKi\nIlFVIjIlrr3U7nKWpYPcpej9CKRCgnldvvz+Cz5NKYMmjN+48f3f/fZ/bkKz8unPYrYc58cdc7bf\n6+2/92OwLdNfWVp7pqr2Ss3XNs4ub5ybjk4mp7UE9KD1BKWpGqiiiieNnOxMeXnQQyqsca00LCfz\n8498frLz7QvbZ6LBycn46vZWluZ/+ys///f/0W+g8nI+KGzhKaiAGEFGa8lFMOSyKjQWLYF3Wc9Q\nIk2JCRUxffbJr0iARaj2j++tb60/fPEzx+PbVvni9mVqqhjm5zavSXnc1KfBb3l/t57WznRiOG2Z\nzmhu1gbUnNZJj5c6OKkD1zoN1qtI8F2rewfHNcCX/sE/yXr5Rv+RN1/6fQ+br33/vzf4UBRouVGD\nyCLCqCpM0cdyZzxbIhVgRt8oEQgpRFK0iI7sB+//yKR+EY8UvapOJ5PZqHz3nZdz5DOrl/dvvzbo\nDcjlr73zwv7J3VLg3t3b1vWTJMn0gOYf2FQizKZl9/a9g6d+9TeOR5oMnYo205pqo6BJm4yD5cRk\nuUPArbVk0G3bNB9N0sUkNDzptpZ1MU5tkGYRAt788DYJRFAgsJqcLXo2T1KbKjoQjSkRgaYu5cTa\nzD325Gd8IxKdKoQ4t+DEwBOf/OwDm1fyztL6xYvf+O63v/v17+7fn2bWzaYnT1+/snPvQ4AOpynk\nD+VZJ3FxKZuvD1t68PLKEBK2ozGZxKTtEIFmk3roQJCns3pm0k//6j8DioY4ULn5yX/YNe7OrDfs\njYIGcgPH8dz2tmV0TAJWiJWENIkoBhCZbEP8uWefiuJRAcmg+BAa9IumXgQou/1hOTm2tjg8eMe5\ncHg0//D9N59+/lo933nkwWdn09P93abd61O8mxg63tkdnns0cU1TLZyz6HT7kcfz5e3OWv/erf1q\nqnkS25ZOFmLJXv7sZ5/+ua+IH/c7vbS/ho0Zn7zlsvVOyzEv1bPDBx/5tCRDg0wMAEwqCHGmUJfN\ndDJNHaMahWgimo5DBAcsUYPWpMIxZp/72V8ZHR2cuZQf373XHSpbWcr9c898LrH9f/Ov/mWeFVqf\n/ulfvFDXQZvUWrNy/hERuHztUy9/7w9tVpSno5Uz1yzsLJ///Nlrz89Gx+OpFznqL60EVUrXUBZX\nr14YT8DIBDsdGnVrYdvcvnnv5OFHrtZxFBs6idMiy5gJxRiC3JqYhyTtRR+iBkDBjSWHQp7kq7/w\nNzc3Nyl1i/liMQGiSYyoNXkOQMn2uQtPP/PsaHqSZZlv6rpa3Lp7a3WYv/bmuwM3pfRM1cTBxurx\nzR8dH45W19dsb4UB0Q32b73RWznDSSpNQ0V/9/1XOktbeTE8Ht0f5mg6W76aosq8iSf33lTbujRM\n7o2w29z45vvbX/ylX7TGaAhRQSGIBwlBIcS6IYlNCJgBNIiEagxc2Oq3sxyqxdlrT2Xcdp1CIDIY\nk3BRLGMDC6hBa0KLbJHIsJooUYNqVZdVXIyEQ294tZIyAwjsCGpGrIJYMqB5VO1vrW90h97v37y5\ng8JgKPiIwXtkSz7vD/1H/7c32M6yYnJwmD/2VUdOJEZVaUpEPNw96LUHHuekPgRFJvi4PyaFAGAY\nrpzPE86uP/3lqvZZUuStLGstgxGi9ON+ngwSswdEjRasMWFez0idhjmZjI1RZWuSSittRCWAYUB1\nBgiToA6jV42ILGUZ0DMQgolAnsjG6v4Hr16/KL/7p7d//Vef+4MfHH35l/6eAZYISEGbWEMkH0WD\neAi+wYSBBMLH/qPAjEY0ACRkyjT5F//8t65sX2CbVfX8xkf3L13azmwasCyK7ryaIdpuu00I3kcg\nlaZCTggJBAi9F42KBjEIigRjyQtjXd7Z2dtY3eDEQvRzkcXJqAzYWWoljcxj4xVoUa5UL7x3OlwL\nrxx2/9ZgeUXQpCE0UQOEECsF1UVA9UYZRAEIFIEAEDQAAwOnaYvTyw9eSW0Gjpyzz39q6+TkJCty\nYzrA0eJS3m3HIIYpTTFKgKwFGqsyHE9ONtaHGAOoQRVCNIQMKCLjxietQglbnQ6hdsTG7iBGkUZi\nEp00vqkCu/1b91p4nK1vmPe/SctfrRflPFQtNkqRhZoYkFAisVEAAALAv/ZAREiTvFXknbz19PXn\nO/0hgwg5Z7I0cS7LGG0M+PZbby0PhpnLwZAlJmuAwHKWJOmw07XWJZxZY6xJnHPOOGNTNhwppeBX\nB8M0aWXs0BrHOTMRqrqEBWazRfARl68t6dt/+L3xM9eX/vzFG+tXLjqTigIgoYoqsIqGwA5AEQyA\nMlAEASCA7tIGUwTOPvPc54ssRzbOWok+cZYoAaOJwzNb29YZgAgiRMSIKmqQgZSBIiMAKYIqKuB4\nNL5782a/1UdAMtzpdBENGwJFBUH9Ke9Ya5PEERMh7dx474lHu6Nper59+N7tuDJYN6RNjFWU6dGo\nVG9ZebhUhNqrAv119AlA0SMVPjTf+8F3GPXe/Y/e/eDGvfv3jo+P7ty91e8NnDERKGrwCowgalSD\nI44qKD9FJBVFRGIyCGni+qtDMjQrp/P5vMgLVAgSMYZIijE2EjCAxEogsMQmis83WtNXTo7rjQcG\n8/3XW2uPR41K4JicNc6QUoIFggAIwse6HxlMBELwCKJARG3XhiJJSOeLBoEX1Dt/ZmX33o3Vsw8e\n7t51lLi0u7zUffb5ZxfVvGmaJEkcYeROklFK+dbm1tmz5zg1CKwKdWwOdw+2z5wDZhFh0BAxisRQ\nBgERCaGJUcuyrOvFdHx6gX78+987+IVnh998afHMZz8vIl5FQgwBQBq0COZjPQYAAkZgxUbVKYgB\nFIgEBgAEAoAFFFCP8FP6IREBRw5smrU6Kdui6CnrfBpQRn/nq7/+e7/3P+fgh9xWqBnM6fiw1Vo6\ns3XJS7x04YwHohoqUpekDzxwbjhYF6hk0ayvrVqXLKr5oqz8rT8aDFeiNIvDw3ePt688cU1CCNHE\n2EBEdAgGIRJkASYIbMEF8AgWgBQaAFJABEQQhABACkAgAKwYPhabn/q0AoAgkAKAsRiDCKFBDA1w\nosZjNMBcZKtpdwFSzsZ5p0OGKklTnkLMLn/y6lt/+QqlLsQSyYBUie0Zk/7Wrz3z8hv3nnr87Cuv\n7Lwfe0mlw9WN/sqGswZbCJlmIQ+6yBqe5BGaDiQTGBvqBjMGLkw5YkCLazOtCSYGjC9KR6nOOQhK\n4lGEYBn8bpJlZcMYQZN50rQbB1w3iEUDk1w9wWBmSyt51Epwkcd+zXnksYU5p85MrEK/ghn0Fsko\nJ6hlzfGM2P/60088+fyTf/XOu+cvpb/5H3+SmNNUwohgeWr+P3KXcCm+047HAAAAAElFTkSuQmCC\n', '你好 世界', '0');
INSERT INTO `user` VALUES ('64', 'sven', '123', '/9j/4AAQSkZJRgABAQEAYABgAAD/2wBDAAMCAgMCAgMDAwMEAwMEBQgFBQQEBQoHBwYIDAoMDAsKCwsNDhIQDQ4RDgsLEBYQERMUFRUVDA8XGBYUGBIUFRT/2wBDAQMEBAUEBQkFBQkUDQsNFBQUFBQUFBQUFBQUFBQUFBQUFBQUFBQUFBQUFBQUFBQUFBQUFBQUFBQUFBQUFBQUFBT/wAARCAA6ADoDASIAAhEBAxEB/8QAHwAAAQUBAQEBAQEAAAAAAAAAAAECAwQFBgcICQoL/8QAtRAAAgEDAwIEAwUFBAQAAAF9AQIDAAQRBRIhMUEGE1FhByJxFDKBkaEII0KxwRVS0fAkM2JyggkKFhcYGRolJicoKSo0NTY3ODk6Q0RFRkdISUpTVFVWV1hZWmNkZWZnaGlqc3R1dnd4eXqDhIWGh4iJipKTlJWWl5iZmqKjpKWmp6ipqrKztLW2t7i5usLDxMXGx8jJytLT1NXW19jZ2uHi4+Tl5ufo6erx8vP09fb3+Pn6/8QAHwEAAwEBAQEBAQEBAQAAAAAAAAECAwQFBgcICQoL/8QAtREAAgECBAQDBAcFBAQAAQJ3AAECAxEEBSExBhJBUQdhcRMiMoEIFEKRobHBCSMzUvAVYnLRChYkNOEl8RcYGRomJygpKjU2Nzg5OkNERUZHSElKU1RVVldYWVpjZGVmZ2hpanN0dXZ3eHl6goOEhYaHiImKkpOUlZaXmJmaoqOkpaanqKmqsrO0tba3uLm6wsPExcbHyMnK0tPU1dbX2Nna4uPk5ebn6Onq8vP09fb3+Pn6/9oADAMBAAIRAxEAPwD9F5uJpAePm7/U15x8Vfi3b+AIPsVsIZdVeLzma4yYbSIkgSSBTl2YghIl5Yg8hQTV6xn1XRdQ1e50FW8deGpL+czRWNyh1HSrnzT9ohKuQJIw4YquQy52gFdtfHPiLxlc+Ote17WNVE2nqLy5nuoJY8TWwjYxLGy93RFWML6lj3NfG1aM4VbNXu9PM+5yTB0sxqNVp8tOEXKb6pL+vl+d/wAR/Evxn4t1GYzeLdeMTHK2tncfZlAyf4IAD+p7c1wVx8OYH1V9WOn6hDq3n/aTqIe4Fx5w/wCWnmE53e+a9n0X4cyz6ct2l1bRk2gI0ueYpbJO6q0XmyRsJHIDYIOAWPyjFRHwR4b163gtNKMcOp3EcF/J5UlxFMAs6xuYlY/LCwWQ4J3Zwa+eeaYKM3HmlJJ2bUbpet2tLdbeh9c8/wAFh/3eFwEeW32mk2v/AAGX4tvuef6X8WPiX4Il82w8barcRoR+61KT7ZEefussuWHQjhh9a+q/gF+0FafGCzudPvraPSvE9jGJbizjcmGeInHnwE8lc8Mp5U4zkEGvmzUNHsbLw6dX1DV3W1vDLcxWl4FcwwtKwiSNifMViihsMCjDjIODXGaHr9z8JviHpfiCB8/2TcrNJsbAmtH+WZc91aM5/BTXqQlCpFzpu6Ta2a1W6/4ZtETpZfnmFqVMJS9lWgr8qtqvlo0+9k07X0ev6R5xkHjFJ5lefav4vufGmmXVr4Tlu9P0vymlv/Fk8LQQ2VsFLO9v5gBllK52kDYv3iTgAweBfGHiLVvBPh6+Y2N21zp1vMbiQqWlLRqdxwepzn8atxaipvZn58pJtpdDgfjTr3j/AOEFjqnid7qw1+0tteXUdOtnkFoJtzOsdrMkSB5SisNrZbAiDNkcV8t3N74vutT1jUL/AE7SDPrlxPe3O+4eWCbznLt5ezhk5GCDkYHOc19LftH66de+J9vomd9loFstyyfwm7n3YY+6Rrx/v14+/hb7LNJLpUq2gkbe9rJGsltIc5OYzwDnupDe9cmKzfkxDpTbtF7ro/6/4Y+v4fhSwkHWqQ5lUi01p8L9dNeq09e/If2l4peK5jZtJ8u5KtPFIbqRZSqhVLgyfNgKAPTAqS01fxVYS+bbPoVvKIxErxWs6MEDbgoIk6Z5x61D4r1PxDpPhbxB4oPg+KDw5od3HaX+tW7ukCM23pCzs2BvXkH+Icc1BcXWvReH21iKysLyyFv9pWS3mlJkjIyCo2en9aueJjTiuZ2jLbRpP8PQ+vw74bqJ2pJNbpx1X3XX4l/UfEXivV9Oaw1O30nU7EsH8kT3EBDZJyGO4jJJyBxzXKeKNY1GSUy3OhJB5Cxttt7hXiCoylVIOCFwmMn1q7eS+MdP17RND1vRk8J3+uWgvtMj1AsftcPqrLnkf3Tg8jNdJpPwsLyG41q9GpzKd8cCx7YFbsduTuP+8SB6VjXxkMLH2ctOtrW177fiJVsopxnUy9ayXK2kkrdrtafL/hvonTfiF41+O3hC61Dw/wCEiNO1t4JNPi8QlbiyswgZXlZo2UHDgH7O4PKHPUCvZtD+GHhnRtGsNP8A7N+0/ZLeODzmzmTaoXcfrjP414f+yh4pex8S+I/Cc8v+j3cX9sWiMT8swYR3IXPY/I2PUE+tfSxiySeR9BXRSxCxNGErWX69T8nrYf2FWVPt/SPkLx7O03xa+IJdt0i6uqnPUKLWAL+GKyFBOR3Ndx+014OvfCfjq48cW0DSaFqccUWpSIpK2lxGCiySAdEkQKC/QFBnAOa82ttegnQOiOyNyrxYZT16EZr5TMoSp4uo5dW2j67LpxqYaHL0Vmc+fAN/qHiqTxN4e8Q+RaT3Ae90jULY3enz3EQMRla3ZgjuFBX5wQCARXPRaVHp3iO38BxWviwWhtWhTUBJD9iEG0hzt2/dG7ae4JGB3roYNXfw3qN+9tpba5ZK32gwwY+1WXmS5I2E4ZGc5B4IJI5Fc1/wuOB/FT6rt1RtEgVYii2qBEZ1HyMM5JLFW3ZwAcYzXdFzr0opXlGKdv8AgeZrCjBzbpx97ra77/ds395vaT8O9d0lYH8V+JIPEumaU8M1jf6jA8uo20MG8RQpMzYhhAY7kTO8gE9K7hfXOc8n8+tcdLrz+LrJrKy0l9J0vULme3vNSudglleJYpJoUCk4dlZMsT93djmuh1DWo4IZWRlOB/rOBGg9cn2965MwnOc4uq3zW69jSjSp0eaFONrN39ev3G58Dpmh+O/hUxnHmG+ib3U25J/UCvsgLkZ2g++a+ZP2V/A9zq3iW48bzwumk2ttJZaXLIuBdSyECaZM9UVV2BujEtjgZr6bLHJ5Fe3l9OVPDxUtOp8rj6iniJOOuyJLhRI8yuqurEqwZQQwyeDntXnWq/s8/DPWbp7m58G6dHK3LG132wb3IiZR+Nejzj95L/vf1pLdQ0qggEbkGDXqVLObTXU82DcYppnyj+0nofh74eH4beHdJt7Xw74av9Slm1O1sV8ua7CKqFncgltiSu43E4YCrHij9mT4eaPq2ueHYNBS5hkvtBgGrzzk6huldw7rNjIZwuSRgDjC44rx34461qGt+PvG0Oo39zqEVhEFtI7qZpFtw0jhhGGJ2AgAHGM19GancSv8SvCqNK7JLd+GmkUscORbzkE+pzX0OGpQeEhJxV7yX3Wf6/gjhderCtKMZtK0Zbve7/K34s8u+PvgLw98MLrwX8KfD17fyo2uw6zf31/MXnea5lW3jjLRquEMSOWAA4VST3r6D079m/4aaRfeenhWC9liclDqVxNdqD0HyyOy9vT0r54+O00h+O/xfnLsZrXSbqSCTPzQuljZFGQ/wlSzEEdNxx1r6B/Zv1nUNd+DWgX2p31zqN7I0oe5u5mlkbDnGWYkmuXNaNOnOmoxXwrW3dv8loXhMRWre0nUm23J9X2X5u7+Z6ZEixIERVRFAVVVQoAHAAA6Cl3D1/WlX7p+g/rQAMdK8Y7T/9k=', 'sven', '0');
INSERT INTO `user` VALUES ('65', 'test', 'test', '/9j/4AAQSkZJRgABAQEAYABgAAD/2wBDAAMCAgMCAgMDAwMEAwMEBQgFBQQEBQoHBwYIDAoMDAsKCwsNDhIQDQ4RDgsLEBYQERMUFRUVDA8XGBYUGBIUFRT/2wBDAQMEBAUEBQkFBQkUDQsNFBQUFBQUFBQUFBQUFBQUFBQUFBQUFBQUFBQUFBQUFBQUFBQUFBQUFBQUFBQUFBQUFBT/wAARCAA6ADoDASIAAhEBAxEB/8QAHwAAAQUBAQEBAQEAAAAAAAAAAAECAwQFBgcICQoL/8QAtRAAAgEDAwIEAwUFBAQAAAF9AQIDAAQRBRIhMUEGE1FhByJxFDKBkaEII0KxwRVS0fAkM2JyggkKFhcYGRolJicoKSo0NTY3ODk6Q0RFRkdISUpTVFVWV1hZWmNkZWZnaGlqc3R1dnd4eXqDhIWGh4iJipKTlJWWl5iZmqKjpKWmp6ipqrKztLW2t7i5usLDxMXGx8jJytLT1NXW19jZ2uHi4+Tl5ufo6erx8vP09fb3+Pn6/8QAHwEAAwEBAQEBAQEBAQAAAAAAAAECAwQFBgcICQoL/8QAtREAAgECBAQDBAcFBAQAAQJ3AAECAxEEBSExBhJBUQdhcRMiMoEIFEKRobHBCSMzUvAVYnLRChYkNOEl8RcYGRomJygpKjU2Nzg5OkNERUZHSElKU1RVVldYWVpjZGVmZ2hpanN0dXZ3eHl6goOEhYaHiImKkpOUlZaXmJmaoqOkpaanqKmqsrO0tba3uLm6wsPExcbHyMnK0tPU1dbX2Nna4uPk5ebn6Onq8vP09fb3+Pn6/9oADAMBAAIRAxEAPwD9F5uJpAePm7/U15x8Vfi3b+AIPsVsIZdVeLzma4yYbSIkgSSBTl2YghIl5Yg8hQTV6xn1XRdQ1e50FW8deGpL+czRWNyh1HSrnzT9ohKuQJIw4YquQy52gFdtfHPiLxlc+Ote17WNVE2nqLy5nuoJY8TWwjYxLGy93RFWML6lj3NfG1aM4VbNXu9PM+5yTB0sxqNVp8tOEXKb6pL+vl+d/wAR/Evxn4t1GYzeLdeMTHK2tncfZlAyf4IAD+p7c1wVx8OYH1V9WOn6hDq3n/aTqIe4Fx5w/wCWnmE53e+a9n0X4cyz6ct2l1bRk2gI0ueYpbJO6q0XmyRsJHIDYIOAWPyjFRHwR4b163gtNKMcOp3EcF/J5UlxFMAs6xuYlY/LCwWQ4J3Zwa+eeaYKM3HmlJJ2bUbpet2tLdbeh9c8/wAFh/3eFwEeW32mk2v/AAGX4tvuef6X8WPiX4Il82w8barcRoR+61KT7ZEefussuWHQjhh9a+q/gF+0FafGCzudPvraPSvE9jGJbizjcmGeInHnwE8lc8Mp5U4zkEGvmzUNHsbLw6dX1DV3W1vDLcxWl4FcwwtKwiSNifMViihsMCjDjIODXGaHr9z8JviHpfiCB8/2TcrNJsbAmtH+WZc91aM5/BTXqQlCpFzpu6Ta2a1W6/4ZtETpZfnmFqVMJS9lWgr8qtqvlo0+9k07X0ev6R5xkHjFJ5lefav4vufGmmXVr4Tlu9P0vymlv/Fk8LQQ2VsFLO9v5gBllK52kDYv3iTgAweBfGHiLVvBPh6+Y2N21zp1vMbiQqWlLRqdxwepzn8atxaipvZn58pJtpdDgfjTr3j/AOEFjqnid7qw1+0tteXUdOtnkFoJtzOsdrMkSB5SisNrZbAiDNkcV8t3N74vutT1jUL/AE7SDPrlxPe3O+4eWCbznLt5ezhk5GCDkYHOc19LftH66de+J9vomd9loFstyyfwm7n3YY+6Rrx/v14+/hb7LNJLpUq2gkbe9rJGsltIc5OYzwDnupDe9cmKzfkxDpTbtF7ro/6/4Y+v4fhSwkHWqQ5lUi01p8L9dNeq09e/If2l4peK5jZtJ8u5KtPFIbqRZSqhVLgyfNgKAPTAqS01fxVYS+bbPoVvKIxErxWs6MEDbgoIk6Z5x61D4r1PxDpPhbxB4oPg+KDw5od3HaX+tW7ukCM23pCzs2BvXkH+Icc1BcXWvReH21iKysLyyFv9pWS3mlJkjIyCo2en9aueJjTiuZ2jLbRpP8PQ+vw74bqJ2pJNbpx1X3XX4l/UfEXivV9Oaw1O30nU7EsH8kT3EBDZJyGO4jJJyBxzXKeKNY1GSUy3OhJB5Cxttt7hXiCoylVIOCFwmMn1q7eS+MdP17RND1vRk8J3+uWgvtMj1AsftcPqrLnkf3Tg8jNdJpPwsLyG41q9GpzKd8cCx7YFbsduTuP+8SB6VjXxkMLH2ctOtrW177fiJVsopxnUy9ayXK2kkrdrtafL/hvonTfiF41+O3hC61Dw/wCEiNO1t4JNPi8QlbiyswgZXlZo2UHDgH7O4PKHPUCvZtD+GHhnRtGsNP8A7N+0/ZLeODzmzmTaoXcfrjP414f+yh4pex8S+I/Cc8v+j3cX9sWiMT8swYR3IXPY/I2PUE+tfSxiySeR9BXRSxCxNGErWX69T8nrYf2FWVPt/SPkLx7O03xa+IJdt0i6uqnPUKLWAL+GKyFBOR3Ndx+014OvfCfjq48cW0DSaFqccUWpSIpK2lxGCiySAdEkQKC/QFBnAOa82ttegnQOiOyNyrxYZT16EZr5TMoSp4uo5dW2j67LpxqYaHL0Vmc+fAN/qHiqTxN4e8Q+RaT3Ae90jULY3enz3EQMRla3ZgjuFBX5wQCARXPRaVHp3iO38BxWviwWhtWhTUBJD9iEG0hzt2/dG7ae4JGB3roYNXfw3qN+9tpba5ZK32gwwY+1WXmS5I2E4ZGc5B4IJI5Fc1/wuOB/FT6rt1RtEgVYii2qBEZ1HyMM5JLFW3ZwAcYzXdFzr0opXlGKdv8AgeZrCjBzbpx97ra77/ds395vaT8O9d0lYH8V+JIPEumaU8M1jf6jA8uo20MG8RQpMzYhhAY7kTO8gE9K7hfXOc8n8+tcdLrz+LrJrKy0l9J0vULme3vNSudglleJYpJoUCk4dlZMsT93djmuh1DWo4IZWRlOB/rOBGg9cn2965MwnOc4uq3zW69jSjSp0eaFONrN39ev3G58Dpmh+O/hUxnHmG+ib3U25J/UCvsgLkZ2g++a+ZP2V/A9zq3iW48bzwumk2ttJZaXLIuBdSyECaZM9UVV2BujEtjgZr6bLHJ5Fe3l9OVPDxUtOp8rj6iniJOOuyJLhRI8yuqurEqwZQQwyeDntXnWq/s8/DPWbp7m58G6dHK3LG132wb3IiZR+Nejzj95L/vf1pLdQ0qggEbkGDXqVLObTXU82DcYppnyj+0nofh74eH4beHdJt7Xw74av9Slm1O1sV8ua7CKqFncgltiSu43E4YCrHij9mT4eaPq2ueHYNBS5hkvtBgGrzzk6huldw7rNjIZwuSRgDjC44rx34461qGt+PvG0Oo39zqEVhEFtI7qZpFtw0jhhGGJ2AgAHGM19GancSv8SvCqNK7JLd+GmkUscORbzkE+pzX0OGpQeEhJxV7yX3Wf6/gjhderCtKMZtK0Zbve7/K34s8u+PvgLw98MLrwX8KfD17fyo2uw6zf31/MXnea5lW3jjLRquEMSOWAA4VST3r6D079m/4aaRfeenhWC9liclDqVxNdqD0HyyOy9vT0r54+O00h+O/xfnLsZrXSbqSCTPzQuljZFGQ/wlSzEEdNxx1r6B/Zv1nUNd+DWgX2p31zqN7I0oe5u5mlkbDnGWYkmuXNaNOnOmoxXwrW3dv8loXhMRWre0nUm23J9X2X5u7+Z6ZEixIERVRFAVVVQoAHAAA6Cl3D1/WlX7p+g/rQAMdK8Y7T/9k=', 'test', '0');
INSERT INTO `user` VALUES ('66', 'abc', '123', '/9j/4AAQSkZJRgABAQEAYABgAAD/2wBDAAMCAgMCAgMDAwMEAwMEBQgFBQQEBQoHBwYIDAoMDAsKCwsNDhIQDQ4RDgsLEBYQERMUFRUVDA8XGBYUGBIUFRT/2wBDAQMEBAUEBQkFBQkUDQsNFBQUFBQUFBQUFBQUFBQUFBQUFBQUFBQUFBQUFBQUFBQUFBQUFBQUFBQUFBQUFBQUFBT/wAARCAA6ADoDASIAAhEBAxEB/8QAHwAAAQUBAQEBAQEAAAAAAAAAAAECAwQFBgcICQoL/8QAtRAAAgEDAwIEAwUFBAQAAAF9AQIDAAQRBRIhMUEGE1FhByJxFDKBkaEII0KxwRVS0fAkM2JyggkKFhcYGRolJicoKSo0NTY3ODk6Q0RFRkdISUpTVFVWV1hZWmNkZWZnaGlqc3R1dnd4eXqDhIWGh4iJipKTlJWWl5iZmqKjpKWmp6ipqrKztLW2t7i5usLDxMXGx8jJytLT1NXW19jZ2uHi4+Tl5ufo6erx8vP09fb3+Pn6/8QAHwEAAwEBAQEBAQEBAQAAAAAAAAECAwQFBgcICQoL/8QAtREAAgECBAQDBAcFBAQAAQJ3AAECAxEEBSExBhJBUQdhcRMiMoEIFEKRobHBCSMzUvAVYnLRChYkNOEl8RcYGRomJygpKjU2Nzg5OkNERUZHSElKU1RVVldYWVpjZGVmZ2hpanN0dXZ3eHl6goOEhYaHiImKkpOUlZaXmJmaoqOkpaanqKmqsrO0tba3uLm6wsPExcbHyMnK0tPU1dbX2Nna4uPk5ebn6Onq8vP09fb3+Pn6/9oADAMBAAIRAxEAPwD9F5uJpAePm7/U15x8Vfi3b+AIPsVsIZdVeLzma4yYbSIkgSSBTl2YghIl5Yg8hQTV6xn1XRdQ1e50FW8deGpL+czRWNyh1HSrnzT9ohKuQJIw4YquQy52gFdtfHPiLxlc+Ote17WNVE2nqLy5nuoJY8TWwjYxLGy93RFWML6lj3NfG1aM4VbNXu9PM+5yTB0sxqNVp8tOEXKb6pL+vl+d/wAR/Evxn4t1GYzeLdeMTHK2tncfZlAyf4IAD+p7c1wVx8OYH1V9WOn6hDq3n/aTqIe4Fx5w/wCWnmE53e+a9n0X4cyz6ct2l1bRk2gI0ueYpbJO6q0XmyRsJHIDYIOAWPyjFRHwR4b163gtNKMcOp3EcF/J5UlxFMAs6xuYlY/LCwWQ4J3Zwa+eeaYKM3HmlJJ2bUbpet2tLdbeh9c8/wAFh/3eFwEeW32mk2v/AAGX4tvuef6X8WPiX4Il82w8barcRoR+61KT7ZEefussuWHQjhh9a+q/gF+0FafGCzudPvraPSvE9jGJbizjcmGeInHnwE8lc8Mp5U4zkEGvmzUNHsbLw6dX1DV3W1vDLcxWl4FcwwtKwiSNifMViihsMCjDjIODXGaHr9z8JviHpfiCB8/2TcrNJsbAmtH+WZc91aM5/BTXqQlCpFzpu6Ta2a1W6/4ZtETpZfnmFqVMJS9lWgr8qtqvlo0+9k07X0ev6R5xkHjFJ5lefav4vufGmmXVr4Tlu9P0vymlv/Fk8LQQ2VsFLO9v5gBllK52kDYv3iTgAweBfGHiLVvBPh6+Y2N21zp1vMbiQqWlLRqdxwepzn8atxaipvZn58pJtpdDgfjTr3j/AOEFjqnid7qw1+0tteXUdOtnkFoJtzOsdrMkSB5SisNrZbAiDNkcV8t3N74vutT1jUL/AE7SDPrlxPe3O+4eWCbznLt5ezhk5GCDkYHOc19LftH66de+J9vomd9loFstyyfwm7n3YY+6Rrx/v14+/hb7LNJLpUq2gkbe9rJGsltIc5OYzwDnupDe9cmKzfkxDpTbtF7ro/6/4Y+v4fhSwkHWqQ5lUi01p8L9dNeq09e/If2l4peK5jZtJ8u5KtPFIbqRZSqhVLgyfNgKAPTAqS01fxVYS+bbPoVvKIxErxWs6MEDbgoIk6Z5x61D4r1PxDpPhbxB4oPg+KDw5od3HaX+tW7ukCM23pCzs2BvXkH+Icc1BcXWvReH21iKysLyyFv9pWS3mlJkjIyCo2en9aueJjTiuZ2jLbRpP8PQ+vw74bqJ2pJNbpx1X3XX4l/UfEXivV9Oaw1O30nU7EsH8kT3EBDZJyGO4jJJyBxzXKeKNY1GSUy3OhJB5Cxttt7hXiCoylVIOCFwmMn1q7eS+MdP17RND1vRk8J3+uWgvtMj1AsftcPqrLnkf3Tg8jNdJpPwsLyG41q9GpzKd8cCx7YFbsduTuP+8SB6VjXxkMLH2ctOtrW177fiJVsopxnUy9ayXK2kkrdrtafL/hvonTfiF41+O3hC61Dw/wCEiNO1t4JNPi8QlbiyswgZXlZo2UHDgH7O4PKHPUCvZtD+GHhnRtGsNP8A7N+0/ZLeODzmzmTaoXcfrjP414f+yh4pex8S+I/Cc8v+j3cX9sWiMT8swYR3IXPY/I2PUE+tfSxiySeR9BXRSxCxNGErWX69T8nrYf2FWVPt/SPkLx7O03xa+IJdt0i6uqnPUKLWAL+GKyFBOR3Ndx+014OvfCfjq48cW0DSaFqccUWpSIpK2lxGCiySAdEkQKC/QFBnAOa82ttegnQOiOyNyrxYZT16EZr5TMoSp4uo5dW2j67LpxqYaHL0Vmc+fAN/qHiqTxN4e8Q+RaT3Ae90jULY3enz3EQMRla3ZgjuFBX5wQCARXPRaVHp3iO38BxWviwWhtWhTUBJD9iEG0hzt2/dG7ae4JGB3roYNXfw3qN+9tpba5ZK32gwwY+1WXmS5I2E4ZGc5B4IJI5Fc1/wuOB/FT6rt1RtEgVYii2qBEZ1HyMM5JLFW3ZwAcYzXdFzr0opXlGKdv8AgeZrCjBzbpx97ra77/ds395vaT8O9d0lYH8V+JIPEumaU8M1jf6jA8uo20MG8RQpMzYhhAY7kTO8gE9K7hfXOc8n8+tcdLrz+LrJrKy0l9J0vULme3vNSudglleJYpJoUCk4dlZMsT93djmuh1DWo4IZWRlOB/rOBGg9cn2965MwnOc4uq3zW69jSjSp0eaFONrN39ev3G58Dpmh+O/hUxnHmG+ib3U25J/UCvsgLkZ2g++a+ZP2V/A9zq3iW48bzwumk2ttJZaXLIuBdSyECaZM9UVV2BujEtjgZr6bLHJ5Fe3l9OVPDxUtOp8rj6iniJOOuyJLhRI8yuqurEqwZQQwyeDntXnWq/s8/DPWbp7m58G6dHK3LG132wb3IiZR+Nejzj95L/vf1pLdQ0qggEbkGDXqVLObTXU82DcYppnyj+0nofh74eH4beHdJt7Xw74av9Slm1O1sV8ua7CKqFncgltiSu43E4YCrHij9mT4eaPq2ueHYNBS5hkvtBgGrzzk6huldw7rNjIZwuSRgDjC44rx34461qGt+PvG0Oo39zqEVhEFtI7qZpFtw0jhhGGJ2AgAHGM19GancSv8SvCqNK7JLd+GmkUscORbzkE+pzX0OGpQeEhJxV7yX3Wf6/gjhderCtKMZtK0Zbve7/K34s8u+PvgLw98MLrwX8KfD17fyo2uw6zf31/MXnea5lW3jjLRquEMSOWAA4VST3r6D079m/4aaRfeenhWC9liclDqVxNdqD0HyyOy9vT0r54+O00h+O/xfnLsZrXSbqSCTPzQuljZFGQ/wlSzEEdNxx1r6B/Zv1nUNd+DWgX2p31zqN7I0oe5u5mlkbDnGWYkmuXNaNOnOmoxXwrW3dv8loXhMRWre0nUm23J9X2X5u7+Z6ZEixIERVRFAVVVQoAHAAA6Cl3D1/WlX7p+g/rQAMdK8Y7T/9k=', 'abc', '0');
INSERT INTO `user` VALUES ('67', 'gracie', '123', 'iVBORw0KGgoAAAANSUhEUgAAABQAAAAXCAIAAACEf/j0AAAAA3NCSVQICAjb4U/gAAAC1klEQVQ4\njY2TTUhUURTHz33zRm2cmedX43c2IoEpg2ULFSta6KZFELQJWk5BkNEiWoQSQauEtmURRRgR2CeV\ngY35jZrpaOVnljqJ86FvnHF03nv33tPCEJ0Z0//ynvM73PvjXIKI8N9wphFBJIREl4QdSM4FnT4Q\nDMWs7gC7vCEY7AyrZGMWBZD9wV3BQXl1ySNbUg0AgBx9Plk31J4kGXcFo6p1oYUQgojLKqQ6e1sD\nxg1NJFoYY0wQBERs/TKem56Zk2UeHpmCuD2mBL01y2QwJG6avTVLjfcdV07nxsdpClM0TQ4yisg5\n55xranhidq4oO6v2ag3nHBG3XPt8cWHge1t2hrX32lmdnsSJYpJRgNA8I8CQKzqxIDf948BEFXpd\n9XUAIG6Ga+yn4inWN/fdqs6nQEREQgg8f41Gk96QAJJEKqvkFV/Jhetab1uksGc9I0wJ3TlXvbj3\noAgIABxQhxIueMKDo2LZCQAotKbIzY2ygpHwzadvefK+byNz3pIzhBBCiAAEmV+8dFmtrFSamgDY\n+LR8se629mc8hjBE/DHl7v3cTVU2714am/QE3T/lZR+la6qqUEREdeHBDY2pkcLWIyXAEd4v+4Np\nQ0+OVhYbVgbNPgeZeWfLNAsMmjsmE4+VioI+9pJkZVveYzUV9YKZz/6eEQwptXc/MHNOn8sfWnPn\nZUiJBSe3XRIAQKaOTAbidP79cy/1OcksrUK30KUFYBArysuLtl2SLaHU0T+FiAaThIiOljfM2ZCf\nJ23Ut4W7+qbDKkNEv3/l4YvOGdcC5zSiJxK22WyUUkT0eAKIyDmOTXsQkXNuMcVHNEcKczqddrt9\neDT4qPExAPyaX2xp7wQAQog7EI5oji1MUbUBp2t+7uuh0uPWPEkAfXQPAMD6/4iO17vKOW/vmXj1\nqWM7L//erKoqY4xSqijK+omySr3dDYioDdwrO3wgJhz72rvMX6/Ra0VE4bbvAAAAAElFTkSuQmCC\n', 'gracie.Ye', '0');
INSERT INTO `user` VALUES ('68', 'tim', '123', 'iVBORw0KGgoAAAANSUhEUgAAADwAAABaCAIAAABrM6JiAAAAA3NCSVQICAjb4U/gAAAgAElEQVRoge2ad5jdVbX3v2v/yul1zsyZnsmU9DIhhRYJJSQQBFGColJUFOV6fS+KqO+93Ev0KvYrKooKKqLiFQVBegyQBEivM5m0yfTeTi+/8yt7vX9MaEKQ3D/0uc/zrv/O85y99ue39tprr7X2JmbG/zYR/2iA/4n8f+i/l/yvhFb/gXO3n+h7+L8fSZtGNBAfHDo2MjkqnFKgJnZ267nr162riIZOOZL/EZLOFD/zpdvjkRnBSHUwWOkJRtxlcW+sIhRpqHDPjUdmzC5v+dGPfilPMZz47x7ysrnCFVdcv3fvZseyVV21LNtx5djngcvyTFVCujSwiyxNapesX/fjn98l6K81/AN8+tZbv3Z454sKky9UGQjGiYUb5Uo+CEklT8KxFUPILHQDtOnxP37jWz94s4a/N/Tu/Z2PP3ifFqh1u6NXfmxDOFytKSqxo7FDOS+VIqymhKk7etqCNWF5vvet77R3dv+DoX90191ud7Nbr3n3x26/9svvv/GbP47VNap61HEczShQqUScdWA5tm5Kj+lO5dTSt777X3+l5O/q0xZj7sxzbVtvnNty47d+2tBKZcS9fblPXnxubnzCsXOacBdlUQqf4zZZl0ou4gQTulR72vrKo4FX9fxdLd3dM2iXXC6fe90nvhJqQIw4BqycEbjzgYdrWhZ73TNNxS2EV9d8tm5I1YB3HGSVROm5Fza/Xs/fFXp8fBSB2NKVF3uD8W2/e/4Pv91+JOk4zGvPar732UeWrnmXJtyaHhbsdhWkLxVULcCRxHhy53P/E2gGDAc5oGckV2QU8D9xKrPIJWPItk2rWDry9O9zfQMTQ0ODNhN4ftT7H/f9oKp2hgXpkPDYASlzUnO8pk9q1svbdp42tARPMIYVHgV2bN/82GPbTaBw+tAiGKivjpqDe+at0CIzz/jznx746Td/++eH29MgL7jMK1ov/phtpR1peD0tHjvAedJKLl+KRsYOD41lTg9agGxiABI4432Xvbx1i7QhcdrWXtBUm7Mc76xlq2qUdR9aUx8MzaqLnfueRX7wGGPUZq+7yq8JsgYkZ5VwlcdSHCE9RY9DONZz5FU9yoYNG/7mZAmwDUjAATEgbHti1Jo3o6xA0E8H2ufWy2tnrXzXovrqclkREu4Lqxef7S1HSmCwiOE+2vmHH3pEIRwIF624ontNOwlmQyQBPnfFmiUL507reUcJkw7OMoEkoABYuu78B/717jXnzwKkDXFaOdellywrKjwJ7uyzXFH/UPu+QqbVLJoevy88A00L1rnC5cVkmnuOjA4NKqZje32utMo+d8/RrleVvKMZ/RCjtkzn7EhEmAAR5q5s/cuunotXzLTAKt6UHJxaLItu/7dfWWbCH46oRY/uCTuVQnO7ouUIxZ1FV1wUbGscP9YmXKFk4iWQNJ0pAgHo6ep8Vck7jR61Qmx/agcAE2xIrjlj5eaHtxQkFxjydHw76obf5c/2nlh0ydq6+RdL3a1qSqRChGZKx4aqYfLormd+/7PtWzc6BBVehb2kqCZy/cOjpw3tVjA2cKz3xOhPP/vdw1vGHZNXvO+yF7Z3e4iMd44MAFi4tHUi6+x76o9bn/mRbRTdHjaLGG0TQ200tDfXs//JVGKnIy0zO+AIlqWcoUowDwx2vmqd0zhc2OBHH9z8whO/cizdG6SKmeWH2sfzDk+eZhQpDB3IpI48/4cHKlvmuFzlQ237+vcf6Nmz7fDGX7706091HXi+3K8RkQ1mu6DIoqO6QWoyMzg6VThtaEf1KQ43zF9T3xpVNSgaN86d8ezznQSYpwMdq6rwhVv9EDNbzq9eeEaoZvFQ23+3/+mWbQ/9577dL8ermzyeMmkW3e6obRmsx4WAYjmmdPbs3HPa0GX1V/Xs2XTZRz7oDmLg0FgpV6ydX9XZnZEOJuVpQEeDgYLhnHfVHUJFLtlz9C/fPPzy4/u6E0f9Y54qal1zm2kaLldI5odV3WdZE2SFyKhgzXr+ub9Ma3in8Uoy0pNDE2PWvFl1Wx84+Ju7rv7895+euawx6Db3H8wsbg2/c+i8KQd72l+0+4sP3J5xD2cNSZzWBEWM4Ps/+otksl9ySepZmcjZMgWtZOuOxwzo6dCmTRuT2Q2RgPpOLT2WMokMozS59YXxA8/ft/6mu2cua1I1LH/3OceOJoqCi+/YszvaDwPi8JH2romB+ctvVBBhRZd6+ZK680I1K4jFjOpZemKCuegoXmG7VYMYtqNFh4c6H33qabxz98iUNLBx+U3f2/bn73krGtZ8arXu4rGhXCFjL50bqbThecfR+khHvynzpfzg3OWX9bTt8cZUW1dCE/GFF30s0fti9eJ1sYazWS3YLkUljyc44z++8Z0f3Hv/dTdf7xPl3/n2nclM6Z26R30Zz1veuO3pzb2dO4b6u4Lf5AP7ExdeceHnb1jtmhl5+7EWY8h0fveLh8LnLpWZzJYtT7NT1FyxsdFUVWNMaxtodEUiZ8+smb/UKU2x3rNp8z2K3ujx8uLz3/vlL32wdm4jgOuvuvjD11xzxWWrv/DF20+jchlLFX5416+HR7O+hqW7Hrszm1E/9193fXzt7LcfJcEnHLzvvXdkx1O2ecinLnYSA4DNVbWxleXO+OBCq2HuBTfVzDHbd+/u3Ld75+b/LmRZD+n/9u2fXH/VqhTQwRwiMReyDOK3f3j6c7d84jQSh3jY+5UNN/36wY1HR+JLz//0jhd+UR5U/uaoJHhUIa7N65m4lUtxqBoBX6A2sPKm8+PLlweOpKOlkDdILbPxYqfanTUi0csqlwdu/fpH5zY1jQG7AUlE4DzgAdavv+SrX15yeh0mAbrhQ2t/ef8Tf3zirlhkASt/Y5UM4CDQZXL9OUFj2czRA4PC6qxYPO+SD31iZtBtgvwLQ/UQJJzDrITXXdjsjOhq1QWrlyyoqioy+oAsc5AQYHITbMBDdObq1tMubHNAMmd/avV5S6+5e83HW8/yv12WN87oJq4GWSyThCyjxFAFRQEASea9fR3L6udDwAB5gRDDRewFZcBjjJ2GXe7RIkAZs05oAlUAG0eKb5gx47CqUNrmdJpNUxr5nGFK0lzLWryvBgcDnPQqn7zvqY4djglYDPXUYWOrxK4D286KxhbNbFGY6ohBglgqRADaejqqg4FKQQKwAR3kARTIYeA4YBmFscm+prq5OYcmWZyjSpVJIYxOaq9BS0ZQIQBelarKCBBAGAAD+ddxxEBRweULAjPmKmMZxyJ4Tm1pP8lDB1+4+oYvAfASXIACBjExvXykPViwlzXW0ysB3oF0SAwDQyxGpBwfbi+rmL2z63hFvG6l3xsGF8EMmZiik9DJotnbN9XVdaSrbyyRYZ8edGt2vD74gfdcmGcuEVSQC8gCAIIgDSKg8IRC44D3TSm1iZMVjSrxT9d+IaAoEhwAvCCTKUHiyceebKiubloyXwXRK+5ZJCQZaaJOsIsoXcznM4hGKs/xe2NABhQkFEAFW56ENi0nWh5VAis6c0OKyOuVen2j/9J59RnIApENnsZlkB8sQRIMiHiAExZXaux/I7QAA2SDm1VSoKaBIOAFDPAz3fuPPdN21bo1DTMrx2zHAVtE099pgyxiFRCAR8hg1eJYJDRPKGHIIUaMWGFRIG57/PsnodmR3ce7MrnUgkovGtwMMm2zH0IDqyAbMME2KArWwQAE4AabRGM2Chq8jNf3NqcN3w1ugBgFh8AOaMA0/tj98pLm8z786SVlDBOoUJQsSAAZsMNkERsgAdYYDpEllUZBM1gOEfsgXIBDXAIuu2r9SejKiK/y7AWvt1aW+c8HeO4SxCAlhAvQAAPwAypIgAB2Ax6Fh0vkd53MvCTAYAc0XQUD8DGZwN6JrsOJoUvnXGCxaAcHCAvANikCDMALZAEbBCALhiQIcH64oTw8QWQCEUCAiowQ8byl9epBUxqWMIoOO0IyE5EkwIEp4Q9AgE2IIKTC6MtS1oRWBv0VowpwRKfhEs9kdIzKnkFFjchiliJBWdsk/MAJsE78yKEX9EDZu+esAqQgCKAEastl4r5QGbGNkxvLBPIMQFg2Crb5rsqGDOBi8hIChALgAdtQ6nwsDrWjv5f7uml4CLkiJhOcSbNFYJXd8ZNwbpAADfSOdR/qM4kkIF5JagVQTGME3FxJgticgmJiXi3yLDNgr2Pfve0FV+Ws1hmLVbAGCjBqwCqwyB/yEGXABSABOMQpSBMwSTokJxLDQZfXADnEAGywBNuADlkBUqNl0F1AdNp65NEIJBWQiDCDVZAAJFAAKV6x774t9Suu07wUBhMDBBUU9PNwgsrLePE8DBcorPGoizRwPjn14yPHJ1CMBmr3WRwWFFZYJ/ghcqBxSHnyq2EDJsgEFQgOkCc60bZDqZ6pgF1MCrEKImaNyA2ogFrTgOlW0SthSwoQgbtH4K+k6dzCBoO4vLZ8YHjvROd13sXSBmlghgDg8aLjGCrLUO8luGRAEe1wBvoH9xWzew4+1LTi6o727VYhRQx/pMnjL6uvD/sUIYhzJ7cdMZEEFxlToDxTKpMLsmECMcABvADAGpGHoREAqPUgAOK1mEUAxgGP9+QPG8gyLBJ5R7KD9KTMZRVfgEECYHt6106VRpN6eViGFPz02L68aVc0LN/2+HXNKz7p9lebxbHsVLttGZMjO4PhloJ5dtjvM7wIR+MBIEcwAA/DIuSBE12dYz3PXdS6Vp/emie5SAVbJDRIgNTwWyXvvSWphaCAbEAFm4Qk88QgsqnR7NDg5IkZeivixBKcA5kgp9jZsb8yckGsEhLeiK0WCzYEKtLJo80LzirzzMDCM4koU7INw5hIjQ917dPnn+llqMRZUJ8DnyRN49EpY6LvuYi7rLKqUWOApAPSAWK2iV1gcdLEbyUZgXSCAEiwxWyCCyXkM5QbPTJ8aJeRQXKEJoHBEodMrmOeN2uGz871jmOS6eUX7h8c6Rsa7Ft+6a19HTuf+uXNLz3/m87OXcl8gYh0t9/tCWWmjimusAqeBKXAZon7xrMJi8zsiFlMLa1r9oJHCAVQJSPEyJMYZgLTtA+/RYpWBEuCosG02auCCTkIs0RGxrKcWHriYD7z/oDFY72QJbTMFuNw6mcFahv9m7fRUL7/2NDR1pZLSv6iPFp9wcLv6Es8vW0HD+7vdh/q1jycTYwWUr3psW31Cy+PNjd5IRWIYsEs5gYGMraVG08OH6tctP5ccAaUB7Uz5wQFmD2EADNOZek0SFFBBMMgG2SDbMlWEUYqz6SV8pOmIR2Lc0kceXFbmrnDpj4TExo9c/hnG+69hHwBVyBwYM/jMqrs2vnwo3etGT76oMzvyQ5sS/T06VrMF3lvTcMPR46/bNkwWRQZqk9nR5rF1MTQi1ZR9kt+ZmpgDBhh7rI5DI4QPBABOunJb2HprMOqIGZWVJLgAsi02EhyZmrCUsCAogjpyNSYFbC6hnGuR0XKoTqWU8qQkS3Vz3uXbRm5qfZJbz+qhi6+4N5YdYumMiBKpnNw092D+38O2Vo0/UUbpEnTpNRQp+0Y+WRHNtXNKD2x7VEVOU0L/NPa61cE4mmwF1wCi1dM/BbQeRDAAMElcxAAiOE4KOVGrHTO7YoDYOZE59BV771cJwqCCxpPgiDJX1YRa7qwkN3mchcyma1nrv1IVXWNd1oFc8GNFatvrpyzaufD/yZzS20bABzHkY6dGd9rFlMuV3Ttug9d1bwiT/RM586HXn5w+cLVrbXzk0xxOpmHvTV0WjqWKQCWBWG7GUAhR46Jic52Q0rdH/OF2HHg8RdqaxvSTC5ChSABCSBYeZGd7yvmD5h5Sy3LeyL1IKkyCwAkDRDcmi/UEoxGkkOdRFQCQdUsM+dyh5fGatfVf7QlXDFGtNXh5urZL+7aeKLzyIqaBUUizWG8UpH+NXTaRj6n6G4mIsdiC8yWSA1guC3Rc/w53ba0YJltQTNFY52fwBGiIEgFiiB23Lov3r//V0XjpaYFt11x0XtqPNICZcEqo4kpLIgAq8Jz9Sd+3X3ioB8lj9R8wvnAnCXV6plZ4gR4lOEBrVJklzd8y1Wf+/pPbq2sbLiseUVUvHaY/DV0qgRF5YAbqRyYqVTkzADGjlkTAwcSY1OOMyYUjwPYtjOrMeCDkADARaBLyhsWXnVX++8MebRY0N2u8MatT9a4Kz618oIFistDODkjASAQLmhpfW1WRQHgAh1k9hIawEHQfMJxt+fT/3T3/slJo4SQ/xXneDN0AVBUWZQEEGmcHxYlA8V0qmvbvZPjCX8YROzSkBuyAg0BAbgBgAS4QSj7q4pVhdbmxhtsayLs1dfOWLCKhOetKkgTMCEBlAAwOcRZhgmkbRyw5Ob+7mhFVTDqHzFFpaCoLzo1xqZf6Izp+HESelyyi6iQzA0U3Gq1sEvkWJBE6UmZ7Mr37r6v/eCeop0KioCU0jKRmxqAEdMRBVAAqyAd8rKmBQfShXCZt67sjNUQtW9BixR4uMgpSdkSHJv8ITaLnM9zqShSfej2jo0FbTuf3b7z8blnX+XyeHvHu2NyUd1sHXitzlAB5CQe6YA3iB0PPnbpR6/2CeF4oLh5rJtyI8543+ZD23+ey02V3NJLKgDHplLRmJyaaK6LEuA9uWhi674joea5lSH/laBT3XqdyODJh7uSPf1MsM2SYCi6h1Q320apmDoR3eNbsrJpxdpow4LRXXtsq+jSSkG/EvdxAexnIV61tGNj3yM7q5pr0/0j5ZWaG8yMKQeFNDKJ3oH9vxkcELZjqo5X0zTHNswiAGzfue3s1td6Yl0Mpbl6Tth/LtPeBBIJe3WT4qM30BfBuw+mU6nDDrqE4BIZwu1y6yGnYFhFWRLF8lCo0L29q29M6CFOe4defnTWops979ZUQQYAel3IC+m48/PLDuw7svjaSwG4QSYxAE2HXUilpwrvvuGaP/3hUT8yZrpoFlPSsqVl73p5Hz75URuwgWc6hi6YV+N37HixqLu9ezdt9oRrf74v4A9PffDieSEiCe4s4vAY1y0JLj3ncr9COpgYRSIT8EGWoOQZOiDIUW1SVXJL6r/6LKEGHA0jTG6Sf324xHzq6nct7HNkEQSwCjBzPi3yuVE9Urtj62Y9UOehXsrnpF0qGUbJyHXseGrviS8sba5rM51Z5f4QoTEQzev8XNvgZL/eVNvc8eLjzSvW3Puk+Z7VrqmkfXBQq5+PoIcGjsvG2dLFZBOFwGABIguc7sn9/jsP9BzbW1VVE4379JDXW1EZrY3EqupC7upYs69TZx0oJ3pD9DCUk6s5wZTPcjHj9O1+sPfg/vFCIVizsrrqAjn1grQMAIaRUQVu+8Kdzz58zwJd0StCAB564Nks9N72vbPO/nBf25HKlvqJvv6poX3JwZXzLqpZuJR1wRGm+Gw4EAFiAQAEYgl4mP5y/8+HEid2J17Su7Iux5GOVvLYJIWKsF3IxSMz6hbOv/afb153busboAUjSkgAlUDYpVTPyXXObd7X1hmMzFl13tk3Xn/ePd/Nz13U3NBoVkTiKm7e9OKm2+596BMfXT9XIwFauKgh5PP2LVx0pMc/eOzJ+oUXHt/927nnXDkwuXVWeM1UVk2MdhctM1OcSpvFke5jRDWF1CHu0BrntW74zAdmzFm8e2IyEpyRto56DH+NFnKmksTprBhNevRk6khuR2rWHV+vUE/9sqbE3DlRmlHuGhueGh4cWrZkgVd/rbFrABtT/MyDGzc+8B/nrr99+SVr4zFlVlykszw5nDoyUqqIlCkZU+P0jv07Dg2/NGQfjLWeUdF85uCxv/QdeSo94gQCgblLftx+141LGi//3e+/X+NVbvrR957tOQDdO7X3kZaVd49t/AkfPWgUbelSFUW785s/KTqBGz9yfnA6mztFdAKACYfLlNcXY6+JDYzmbWmb2zuObt2yXfGKYF2r16fpQd/1y1tGFMWWsklRXOAE0/a248/v2fTYpp8pjdFoTbPFyaGOjkVVG5pt57Zb3z83qDx3oud9X1mjaiTh9zpGaOatYz//ekWwyueJ+aMN8Qrx+19/99Wp/3ard5xRcRqX35BgAZpuWxYgDSDNIk7SD9FtYWfb/l899ZO2zueC/spbb3h01fJoqxAp07rxkZ9t3XR7oagpilLftDZ1pOQ9NNZ05vWt56wtb6pcEMmsWfzag8i/3VQvJ4xJjr/5Sd/bShFwg/0QeXCYYIIOM4QiV5/ROuuMn7y0+0RFmVjZVNYEMHDni392wo3ueG26J1neWKu7QqlDjyw68xuNy65000S0jGdXBV6vXH3VNgAYsCANiBJLFwkVTIAGconXkpVTyfR6lQADsME+phRBY84TiFkhrifeWoDlQo2Kq1e0+OCUgVTgpy8/tXP4UN3sayrqzynlfxevPzPbnguk/bWzL26Y7far9U3zUElvqLAEv65/QEABlIIcIxoGdwND4E6WCaDLem2MPd0JOckHBiS4BAwyhsE+JgI7BDdIIdLBEaKjEu0OLfCiO8uTFnzMQQgd2D7Yv+GeWz2xJm+sPjZrVSg+K1q9QjmcjjUsd5eF4g2kSbNGIdcbq8I3tPFH4KQhBgpIjUPV4A6y0IiZFNXRHRGVCLtgg3QgA/IC7pPQnAFZ4DIiAEWCG2QzZ4grWQwSTQKzBIYcjDuYE6CQCp3hAaYM+ak7Pp/Np83MuKoqVU0rM/27vKJeSVDlkpX+qB52cZYRe9MaqyakDjHtJBboRBIdzw5A+mxbjzQEPIHpxh2CldiesS+bralgGxQAbIZNrIIYFAZMkMqwiUYYDlGUOAL0A7XgfiAHNAgclogpzECEyAZ9/+H9ihovFSLj3ZtmLLnOG4zGG1ejHcVU16wz7y+Pw6VQbI7+5txL7YeIgb3gKaYJ4MSW3k0/+IAvUBFrWTveOzdcsaisoVz1CuGitGk+35a6cFG5eMVJFJAES8AA6UCBkAHPIEqBi0wmwSJOAC1MI8SThGZBNlM1sQBtGbU8Mxf6d9T6NTLNnGlMxGONQzlbHpv0lrcE495yN5WY58VJf9OGUgE5CSGAAiEPGuw+tOf4gN/KVnd9u2HJ5bRQLWWi5fMWSov1kPuF/cfro3ZjTRURPITUyYsLOQi4gQqQC5wAhyFGIC3QLNAx5nHmWgIziDgCAtDBMhdQIzE5q2W1K8f2cOHQ7d9KzFohpUcrqvWt54Uq0DyXc3mKCn7zKaF8fsMdBDhgE7AA4ap9+U/35p2C28479nBhqseGaSSzqqfZyLI/UvXkYw+de9YijyYACHA/UxFUBuSISwyF0AlkwTUgizDMVE0YkVwmuIJEAFBAXSbGCC0ujLHQ3HFhBVMDo8XRSa2g6q76kcN/WnLlp8pqQgtqyetClXitn/da9AAQYOgnr38Qb/AtPf+DJqWH7XAqWSw5hfRYRzbRO9r2eDFTyE3Z4bp1//6V7xi2IxkCNJNQRiebrp0Sk6AIyHAwYpMJTklOgVsVCmC6yYY0Y1LnoiO8oAo/zJLUXTVjnS9F61dkE92B2Cw4XN3UMCMsNOao8tbvSJRPb7jDJpquO1UI8kCK2J4nHg6Ey0jEculjpfSgVZoAq/lkV3rwgA0uGe4XX95y0YUrVJAKmCCH4AeFBQpAmDkpMSl4pqCxPPsVBAW5AR2UZ2waI4BrVEwq0BQqCvHiAz/LFwqVtWfmc326Gqxoqll8xRnzYxxSyQ/hfqvjQblpwx06qAQIkAMyGMJd6Y81fuCzt73/5luK6tzkwHg23ZdM9uQzw+nJo9lEt1VITE1M7DhwYOXZZ+qa0AEPoICDoCzYJjFTkEtQj8kLPUJTAKYAEQG9BL+XdJeEQJSQIOR6R7Y9+qwaqvD7q70VzemR/XMuuri6uXxOEG6QD6y8FbRqgkqAhul7MbaJdS8uvPJKV62c6qeZiy4NlK/ob9vWtvXew/u36dITCLUH3GHNrfQfpvX7dvzwZ/fNqS8HoIMANIH4lRa9V6cko5IRIjAwDHYBUZIjIAeUZq4k/PHFY4X0aN3cyye6nqk768aJY39pWjE/YkKAfK/1+f9aaDvbQZACmj7y0kyJjDz+km3pipEhzQtiKJrpjVp6aTjT3zPePzIwNtR9rHewY38q2ekOR//lli9ec9XVs+tiABhg8PQ91TDYj5NHwxRkiqEQZ0Ax8ASLLOPgns4ffebfrXy6esEl+ane+OyLAqHUOR/58IpabvRQxakf0NBOdjQmFzFAJjjPIlWQ7Y+PDE2w11+dTabcbj3c4HN5yReRVRXUFMUMHS6CBA1N5fYf7Oho6+juOZEoKW6hDB7tX/Wh25qWNa9qVWPgGMgEDRk87uIaEgVwqsT7dg2O9BzPSRzcuC8zOal5w1Yu6Y01pEf2rfvcHVXNdWvnowbsfxvoLY7jI2gEh6lArDJlHT66JXvHh1Z5gtHKliVBf0NF3cKqeStCcY/uIUWV9XMo7uO4DxGiPKOGMFjEqOAjnWKsO6W6lctWemq8SggogTpzzsPPFD1BN9lCaHJy8OhQd2dZZSwQa85NsS/qLWvQSKiZcW3bQz+/8t8+0RThxgrUAh6mU2WWajYPl58YnCMwE4gBeIJBJZBLJxOZbcd1V7UEqYpeVt9cVt7cuGyZmV5cXFwxnCN2IAW1VvIJ4tQkSlLq/uBlKymgY3pzjxfwxEaG4yUbugdCF9H4AlWb7fZoTDIUJW+Q88OSdXlsywvlM8uiVdzgYwfk4JTEAOixpB0OCwHysBTEKtOYg65dpAy/1HN8+4t79xzevdPOZSxFZ9NWhEcofth2Zcuyltb51fPPXHnVxd6ATIyTKXn0uHXDKj0SIkNCFzw1mf6Xm/9zdCTpcoVUTREabOkYY+OGLCjCXSqlSsW0bRl2MV0ys5pw3bG1vbI6dGaUbFA12HvqXFiVFooGytwS0xfDxACxhZqa+o+vfxeArCX3Hzy+46WXXtix5diOHQMM8XcAAASuSURBVBPZHkW4h048OX7sORauvl1fWrTqPZUL6vraJy9cGyoPUV/PxC8e3vOBj6+5Zf11B7ZtgrAkVEdYQgo4UoCYwExSKD4Cu1xe8tQ3nxeunRebEZ6pQAcCzPrbJu+qBAHIgQRBgD1MJYNtm+748v/N33LT+ivOD2jivGVzzls25wv4uOHgUM/ktk0b9+/fv33ntsTo0bbnvjF14tnGZR8LN9YHy85wwA9s3vfsb763dN7MJ594+OChzl3bXzrcfri941DPkcOmlbVtm2ydgGDA43H5XIHKeMM50ZlnzV+z3LFR6YMKdgPK2769U0t5+ALwghVGnihNsAowizKbH73xhitz9/z6I9dcPv1XBtwKljXHzmj+IOFDT2/r/eqXvnpk/4M9R5+3Chn/keZv75j9z/d+9vxLVo8dmtq+NxCvpbVnLVh91sl3Aom8daD92J49e/bs2dm2/8BQb4dhclmsKVpzhuaJzjmrLqiwRqSDNKK3r5JUI8l2GeBGnsgGO4ySwcWMkU9MONL4xGeuTqbv/ewnr8Mr2aEBqIAJfuKZzmw+6VgQbNc01qy76op777rnzvfuCoTK1eC8WFPZ5nbV5ePzm04CRH3ahWctuPCsBcBHAExmSwcOHt69d9+BAzsotNQdFDNUKMQCcPjNOdIboQEBcA5wmMy8zCeVYtbJJkZLY4PEii+FDZ/75FQqueGLnxGAAE03pLe3jx/Y8eR47xa/W1M0z8c/dfMV61bWzpj11S/dHq5srp9/eUWDB5D7JwBNnl//FmsdC7hWr1yyeuUSBh4al47NdQHyggh4y5b2G6ClLdkWAJs56TgCgOMQKXBHwubYOGusA9/7z9vyieyGb/yrF5IJgLj/F8+YhZTimB5/ed28c1etWWkC71o158vf/cqXb719/iXXKarjq6L8CLoq4E3yisgpQfpyzEGawVSA9IEssOWgWIJ0UCghlTJLljE+MmpaTsEqpVN5R29RbQu2xZZBqgaQlJbimFxd4//jXzbfuP4DY50HihqxUO6592vJzNQ3fvBdt4btO04c6dgz2bXZF60RwDXXXqmpNH3nfv6581x3fe1fb7lx7S33R2sjegVUHb2AlWQeTLtcLtsu5AqlvFEyLGGa3oLjcrd4ZFgtjzIBDPrmDzcfOZguGWlpFaWmENFY/47qpjN8kXKXT/eXLY/PjKqOLaQNx2EAji10NwPw+lyNs8ofePLP1175nonj7aZpFfz0u4fuyaTzX/z2t+6/f6ORHVVUcnnCuqtchM945Om+kikduAqmXszr1bPOf+o71176+ftq51ZpKqSJyRD3ldQt9zytu2Nub7mqaOTzqZLdcTGvVY0KNhWqAKWkNJSq8gaXKzTPH54pdIKp2uJajxtgoWoiPW4WMyr9aKsTbybNA0+IkoOSiCa60bd7hz/syRs81n/kT7/8P3ahoNt2wSVgcTjUPHvx+snR7bIwoXnCsZpzYvVnAnDsIkCV85c6lp5NDE0e35pLnLjstq+V1cXKKmERp4eolJPpUUX3cbLfdnuoWMhGWvzhBnVRnGN+KgcOjmHvYQqEpVmCY8MTJN0FgBWVhA9mER6f1CD+Hwm0AwcLViVPAAAAAElFTkSuQmCC', 'timaa', '0');
INSERT INTO `user` VALUES ('69', 'joselyn', '123', '/9j/4AAQSkZJRgABAQEAYABgAAD/2wBDAAMCAgMCAgMDAwMEAwMEBQgFBQQEBQoHBwYIDAoMDAsKCwsNDhIQDQ4RDgsLEBYQERMUFRUVDA8XGBYUGBIUFRT/2wBDAQMEBAUEBQkFBQkUDQsNFBQUFBQUFBQUFBQUFBQUFBQUFBQUFBQUFBQUFBQUFBQUFBQUFBQUFBQUFBQUFBQUFBT/wAARCAA6ADoDASIAAhEBAxEB/8QAHwAAAQUBAQEBAQEAAAAAAAAAAAECAwQFBgcICQoL/8QAtRAAAgEDAwIEAwUFBAQAAAF9AQIDAAQRBRIhMUEGE1FhByJxFDKBkaEII0KxwRVS0fAkM2JyggkKFhcYGRolJicoKSo0NTY3ODk6Q0RFRkdISUpTVFVWV1hZWmNkZWZnaGlqc3R1dnd4eXqDhIWGh4iJipKTlJWWl5iZmqKjpKWmp6ipqrKztLW2t7i5usLDxMXGx8jJytLT1NXW19jZ2uHi4+Tl5ufo6erx8vP09fb3+Pn6/8QAHwEAAwEBAQEBAQEBAQAAAAAAAAECAwQFBgcICQoL/8QAtREAAgECBAQDBAcFBAQAAQJ3AAECAxEEBSExBhJBUQdhcRMiMoEIFEKRobHBCSMzUvAVYnLRChYkNOEl8RcYGRomJygpKjU2Nzg5OkNERUZHSElKU1RVVldYWVpjZGVmZ2hpanN0dXZ3eHl6goOEhYaHiImKkpOUlZaXmJmaoqOkpaanqKmqsrO0tba3uLm6wsPExcbHyMnK0tPU1dbX2Nna4uPk5ebn6Onq8vP09fb3+Pn6/9oADAMBAAIRAxEAPwD9F5uJpAePm7/U15x8Vfi3b+AIPsVsIZdVeLzma4yYbSIkgSSBTl2YghIl5Yg8hQTV6xn1XRdQ1e50FW8deGpL+czRWNyh1HSrnzT9ohKuQJIw4YquQy52gFdtfHPiLxlc+Ote17WNVE2nqLy5nuoJY8TWwjYxLGy93RFWML6lj3NfG1aM4VbNXu9PM+5yTB0sxqNVp8tOEXKb6pL+vl+d/wAR/Evxn4t1GYzeLdeMTHK2tncfZlAyf4IAD+p7c1wVx8OYH1V9WOn6hDq3n/aTqIe4Fx5w/wCWnmE53e+a9n0X4cyz6ct2l1bRk2gI0ueYpbJO6q0XmyRsJHIDYIOAWPyjFRHwR4b163gtNKMcOp3EcF/J5UlxFMAs6xuYlY/LCwWQ4J3Zwa+eeaYKM3HmlJJ2bUbpet2tLdbeh9c8/wAFh/3eFwEeW32mk2v/AAGX4tvuef6X8WPiX4Il82w8barcRoR+61KT7ZEefussuWHQjhh9a+q/gF+0FafGCzudPvraPSvE9jGJbizjcmGeInHnwE8lc8Mp5U4zkEGvmzUNHsbLw6dX1DV3W1vDLcxWl4FcwwtKwiSNifMViihsMCjDjIODXGaHr9z8JviHpfiCB8/2TcrNJsbAmtH+WZc91aM5/BTXqQlCpFzpu6Ta2a1W6/4ZtETpZfnmFqVMJS9lWgr8qtqvlo0+9k07X0ev6R5xkHjFJ5lefav4vufGmmXVr4Tlu9P0vymlv/Fk8LQQ2VsFLO9v5gBllK52kDYv3iTgAweBfGHiLVvBPh6+Y2N21zp1vMbiQqWlLRqdxwepzn8atxaipvZn58pJtpdDgfjTr3j/AOEFjqnid7qw1+0tteXUdOtnkFoJtzOsdrMkSB5SisNrZbAiDNkcV8t3N74vutT1jUL/AE7SDPrlxPe3O+4eWCbznLt5ezhk5GCDkYHOc19LftH66de+J9vomd9loFstyyfwm7n3YY+6Rrx/v14+/hb7LNJLpUq2gkbe9rJGsltIc5OYzwDnupDe9cmKzfkxDpTbtF7ro/6/4Y+v4fhSwkHWqQ5lUi01p8L9dNeq09e/If2l4peK5jZtJ8u5KtPFIbqRZSqhVLgyfNgKAPTAqS01fxVYS+bbPoVvKIxErxWs6MEDbgoIk6Z5x61D4r1PxDpPhbxB4oPg+KDw5od3HaX+tW7ukCM23pCzs2BvXkH+Icc1BcXWvReH21iKysLyyFv9pWS3mlJkjIyCo2en9aueJjTiuZ2jLbRpP8PQ+vw74bqJ2pJNbpx1X3XX4l/UfEXivV9Oaw1O30nU7EsH8kT3EBDZJyGO4jJJyBxzXKeKNY1GSUy3OhJB5Cxttt7hXiCoylVIOCFwmMn1q7eS+MdP17RND1vRk8J3+uWgvtMj1AsftcPqrLnkf3Tg8jNdJpPwsLyG41q9GpzKd8cCx7YFbsduTuP+8SB6VjXxkMLH2ctOtrW177fiJVsopxnUy9ayXK2kkrdrtafL/hvonTfiF41+O3hC61Dw/wCEiNO1t4JNPi8QlbiyswgZXlZo2UHDgH7O4PKHPUCvZtD+GHhnRtGsNP8A7N+0/ZLeODzmzmTaoXcfrjP414f+yh4pex8S+I/Cc8v+j3cX9sWiMT8swYR3IXPY/I2PUE+tfSxiySeR9BXRSxCxNGErWX69T8nrYf2FWVPt/SPkLx7O03xa+IJdt0i6uqnPUKLWAL+GKyFBOR3Ndx+014OvfCfjq48cW0DSaFqccUWpSIpK2lxGCiySAdEkQKC/QFBnAOa82ttegnQOiOyNyrxYZT16EZr5TMoSp4uo5dW2j67LpxqYaHL0Vmc+fAN/qHiqTxN4e8Q+RaT3Ae90jULY3enz3EQMRla3ZgjuFBX5wQCARXPRaVHp3iO38BxWviwWhtWhTUBJD9iEG0hzt2/dG7ae4JGB3roYNXfw3qN+9tpba5ZK32gwwY+1WXmS5I2E4ZGc5B4IJI5Fc1/wuOB/FT6rt1RtEgVYii2qBEZ1HyMM5JLFW3ZwAcYzXdFzr0opXlGKdv8AgeZrCjBzbpx97ra77/ds395vaT8O9d0lYH8V+JIPEumaU8M1jf6jA8uo20MG8RQpMzYhhAY7kTO8gE9K7hfXOc8n8+tcdLrz+LrJrKy0l9J0vULme3vNSudglleJYpJoUCk4dlZMsT93djmuh1DWo4IZWRlOB/rOBGg9cn2965MwnOc4uq3zW69jSjSp0eaFONrN39ev3G58Dpmh+O/hUxnHmG+ib3U25J/UCvsgLkZ2g++a+ZP2V/A9zq3iW48bzwumk2ttJZaXLIuBdSyECaZM9UVV2BujEtjgZr6bLHJ5Fe3l9OVPDxUtOp8rj6iniJOOuyJLhRI8yuqurEqwZQQwyeDntXnWq/s8/DPWbp7m58G6dHK3LG132wb3IiZR+Nejzj95L/vf1pLdQ0qggEbkGDXqVLObTXU82DcYppnyj+0nofh74eH4beHdJt7Xw74av9Slm1O1sV8ua7CKqFncgltiSu43E4YCrHij9mT4eaPq2ueHYNBS5hkvtBgGrzzk6huldw7rNjIZwuSRgDjC44rx34461qGt+PvG0Oo39zqEVhEFtI7qZpFtw0jhhGGJ2AgAHGM19GancSv8SvCqNK7JLd+GmkUscORbzkE+pzX0OGpQeEhJxV7yX3Wf6/gjhderCtKMZtK0Zbve7/K34s8u+PvgLw98MLrwX8KfD17fyo2uw6zf31/MXnea5lW3jjLRquEMSOWAA4VST3r6D079m/4aaRfeenhWC9liclDqVxNdqD0HyyOy9vT0r54+O00h+O/xfnLsZrXSbqSCTPzQuljZFGQ/wlSzEEdNxx1r6B/Zv1nUNd+DWgX2p31zqN7I0oe5u5mlkbDnGWYkmuXNaNOnOmoxXwrW3dv8loXhMRWre0nUm23J9X2X5u7+Z6ZEixIERVRFAVVVQoAHAAA6Cl3D1/WlX7p+g/rQAMdK8Y7T/9k=', 'joselyn', '0');
INSERT INTO `user` VALUES ('70', 'cy', '123456', 'iVBORw0KGgoAAAANSUhEUgAAAAsAAAAICAIAAACgWpLfAAAAA3NCSVQICAjb4U/gAAABG0lEQVQY\nlQEQAe/+AYZgSwEBAwsNEPn7/zRDSPn5+QcHCP8AAgYJCAAAAvv/AAIiQjUADwD8+fhIZFj7/P/7\n/Pnz9fbv8vPs7e/7/Pz9/f0CDAP6Mzw3EiEWCAYDHzErdHyFCvn/BvgAi5CYanJ1+Pj2AbqrgO7o\n+CMpJ8GmtSo0Q+ri4v74/fn9+QMLCsTX09zk4QQZIykB/83Vv9IMDhLl1NT77/X3/fEJDhb8/PPO\n09UHDAkC9fDy8u4HGSoZLFRcscK09wH18fb28PHqs8K/7vDrfnZ0AbOtjxocFerh9Pbs3vDr8gAA\nAwMDDAgMDQUHCAYLDwMFBwLYzsp4Zn7x5PXRxNgKCg0FBgkICwgJCQkKCQ37+/sAAALaCIbrwAev\nDgAAAABJRU5ErkJggg==\n', 'joselyn', '0');
INSERT INTO `user` VALUES ('71', 'haha', '123', 'iVBORw0KGgoAAAANSUhEUgAAAA0AAAAUCAIAAADZUCB4AAAAA3NCSVQICAjb4U/gAAADEElEQVQo\nkQXBa2xTVRwA8HP+59xH29vRhx3di73KCBM2Gh4jMsgEYeJYSBQ1ZpFoeIhRMmPUD37jgwmGD0BI\n/GAEHzHGEAiigZCMhGyQ+figsGyDYUe2lm0t67q1ve29t+eec/j9cEjZITjQVTtqVr+aTl9AlsEx\n2Nq8NB9RialYxyFDwUM3rh+IhI4KJP6+f8qjKByeYFoE9qysx6U1hTDGqBm5nIYjv92685VAwut7\nyS3lFCpst6IrUXCWhHQltgHyIGtpOOAXoEgpue2CnnWYRb021Rm4uhRUCiKRAKnBnf/nALGA/zUE\nFiag+hUhVKoo4TUIEcA0jDEFrIJpOxhRs3Rd8myrsc8xreroKqTVFdI6QgiTFcGJlISgMiWIuqD1\nRN8qYRQL12fKwe7OxqnJlEBSSBcJQ8FV+PGV0Vx008BHJ+cf3D289bSqje56Ix5fr934K/HBif0C\n8fboYAk6ILWzQzSo9z99U1VwgJS8lnd46GYxb+ze815/x4f7owf+eHm1T+Rw0pS/pNDxb34emNAC\n4xMEJv3BnNUY2dI5ePPMwTNdcauSj1T58OW2/k1hE0pb8xV5YjlrBHMx1fPt6I/bX3l3YXHJP7s0\n0tc0m0zDw2YVhYwfHn9fXTt2vSNz9vSh7t7ayvuvjwTLiYYNSVdZ+ztuqQ7hzW3br9Qad9PF/taI\nR+UI1Jrhf86WuUezHy1HqvTFQ3173772BM6f+7xYVHY3eAVxOUbMtZBU58r58QIc7qm5xMieq/eS\nYh4K+aLmY4bOhybGn2ZXVkqV4c6688h4J948l17OcWE1beMt9dTPC8sZqtpOI/V9MjL2WUtokUVs\nv+z6bzom/Nc21x2YzTpWEdqb1OnFhURuRbcrF3u3tba0f5f61wJxqrk6GejqTbCSOcOFSfq6d/Hu\njUf/HPsVqtY9y4URianaLVY/VMgLPsO5AwSEy+HYFz8R8GxhC0+h/+PU1OQMT6TBdKYJYlw4EjHm\nlHU9SjNHbn+tBO/17Iy92PZC3ZeVwTjogjDBOZcIpFtBWDCWfg7oFnf6O/HqswAAAABJRU5ErkJg\ngg==\n', 'haha', '0');
INSERT INTO `user` VALUES ('72', 'brad', '123', '/9j/4AAQSkZJRgABAQEAYABgAAD/2wBDAAMCAgMCAgMDAwMEAwMEBQgFBQQEBQoHBwYIDAoMDAsKCwsNDhIQDQ4RDgsLEBYQERMUFRUVDA8XGBYUGBIUFRT/2wBDAQMEBAUEBQkFBQkUDQsNFBQUFBQUFBQUFBQUFBQUFBQUFBQUFBQUFBQUFBQUFBQUFBQUFBQUFBQUFBQUFBQUFBT/wAARCAA6ADoDASIAAhEBAxEB/8QAHwAAAQUBAQEBAQEAAAAAAAAAAAECAwQFBgcICQoL/8QAtRAAAgEDAwIEAwUFBAQAAAF9AQIDAAQRBRIhMUEGE1FhByJxFDKBkaEII0KxwRVS0fAkM2JyggkKFhcYGRolJicoKSo0NTY3ODk6Q0RFRkdISUpTVFVWV1hZWmNkZWZnaGlqc3R1dnd4eXqDhIWGh4iJipKTlJWWl5iZmqKjpKWmp6ipqrKztLW2t7i5usLDxMXGx8jJytLT1NXW19jZ2uHi4+Tl5ufo6erx8vP09fb3+Pn6/8QAHwEAAwEBAQEBAQEBAQAAAAAAAAECAwQFBgcICQoL/8QAtREAAgECBAQDBAcFBAQAAQJ3AAECAxEEBSExBhJBUQdhcRMiMoEIFEKRobHBCSMzUvAVYnLRChYkNOEl8RcYGRomJygpKjU2Nzg5OkNERUZHSElKU1RVVldYWVpjZGVmZ2hpanN0dXZ3eHl6goOEhYaHiImKkpOUlZaXmJmaoqOkpaanqKmqsrO0tba3uLm6wsPExcbHyMnK0tPU1dbX2Nna4uPk5ebn6Onq8vP09fb3+Pn6/9oADAMBAAIRAxEAPwD9F5uJpAePm7/U15x8Vfi3b+AIPsVsIZdVeLzma4yYbSIkgSSBTl2YghIl5Yg8hQTV6xn1XRdQ1e50FW8deGpL+czRWNyh1HSrnzT9ohKuQJIw4YquQy52gFdtfHPiLxlc+Ote17WNVE2nqLy5nuoJY8TWwjYxLGy93RFWML6lj3NfG1aM4VbNXu9PM+5yTB0sxqNVp8tOEXKb6pL+vl+d/wAR/Evxn4t1GYzeLdeMTHK2tncfZlAyf4IAD+p7c1wVx8OYH1V9WOn6hDq3n/aTqIe4Fx5w/wCWnmE53e+a9n0X4cyz6ct2l1bRk2gI0ueYpbJO6q0XmyRsJHIDYIOAWPyjFRHwR4b163gtNKMcOp3EcF/J5UlxFMAs6xuYlY/LCwWQ4J3Zwa+eeaYKM3HmlJJ2bUbpet2tLdbeh9c8/wAFh/3eFwEeW32mk2v/AAGX4tvuef6X8WPiX4Il82w8barcRoR+61KT7ZEefussuWHQjhh9a+q/gF+0FafGCzudPvraPSvE9jGJbizjcmGeInHnwE8lc8Mp5U4zkEGvmzUNHsbLw6dX1DV3W1vDLcxWl4FcwwtKwiSNifMViihsMCjDjIODXGaHr9z8JviHpfiCB8/2TcrNJsbAmtH+WZc91aM5/BTXqQlCpFzpu6Ta2a1W6/4ZtETpZfnmFqVMJS9lWgr8qtqvlo0+9k07X0ev6R5xkHjFJ5lefav4vufGmmXVr4Tlu9P0vymlv/Fk8LQQ2VsFLO9v5gBllK52kDYv3iTgAweBfGHiLVvBPh6+Y2N21zp1vMbiQqWlLRqdxwepzn8atxaipvZn58pJtpdDgfjTr3j/AOEFjqnid7qw1+0tteXUdOtnkFoJtzOsdrMkSB5SisNrZbAiDNkcV8t3N74vutT1jUL/AE7SDPrlxPe3O+4eWCbznLt5ezhk5GCDkYHOc19LftH66de+J9vomd9loFstyyfwm7n3YY+6Rrx/v14+/hb7LNJLpUq2gkbe9rJGsltIc5OYzwDnupDe9cmKzfkxDpTbtF7ro/6/4Y+v4fhSwkHWqQ5lUi01p8L9dNeq09e/If2l4peK5jZtJ8u5KtPFIbqRZSqhVLgyfNgKAPTAqS01fxVYS+bbPoVvKIxErxWs6MEDbgoIk6Z5x61D4r1PxDpPhbxB4oPg+KDw5od3HaX+tW7ukCM23pCzs2BvXkH+Icc1BcXWvReH21iKysLyyFv9pWS3mlJkjIyCo2en9aueJjTiuZ2jLbRpP8PQ+vw74bqJ2pJNbpx1X3XX4l/UfEXivV9Oaw1O30nU7EsH8kT3EBDZJyGO4jJJyBxzXKeKNY1GSUy3OhJB5Cxttt7hXiCoylVIOCFwmMn1q7eS+MdP17RND1vRk8J3+uWgvtMj1AsftcPqrLnkf3Tg8jNdJpPwsLyG41q9GpzKd8cCx7YFbsduTuP+8SB6VjXxkMLH2ctOtrW177fiJVsopxnUy9ayXK2kkrdrtafL/hvonTfiF41+O3hC61Dw/wCEiNO1t4JNPi8QlbiyswgZXlZo2UHDgH7O4PKHPUCvZtD+GHhnRtGsNP8A7N+0/ZLeODzmzmTaoXcfrjP414f+yh4pex8S+I/Cc8v+j3cX9sWiMT8swYR3IXPY/I2PUE+tfSxiySeR9BXRSxCxNGErWX69T8nrYf2FWVPt/SPkLx7O03xa+IJdt0i6uqnPUKLWAL+GKyFBOR3Ndx+014OvfCfjq48cW0DSaFqccUWpSIpK2lxGCiySAdEkQKC/QFBnAOa82ttegnQOiOyNyrxYZT16EZr5TMoSp4uo5dW2j67LpxqYaHL0Vmc+fAN/qHiqTxN4e8Q+RaT3Ae90jULY3enz3EQMRla3ZgjuFBX5wQCARXPRaVHp3iO38BxWviwWhtWhTUBJD9iEG0hzt2/dG7ae4JGB3roYNXfw3qN+9tpba5ZK32gwwY+1WXmS5I2E4ZGc5B4IJI5Fc1/wuOB/FT6rt1RtEgVYii2qBEZ1HyMM5JLFW3ZwAcYzXdFzr0opXlGKdv8AgeZrCjBzbpx97ra77/ds395vaT8O9d0lYH8V+JIPEumaU8M1jf6jA8uo20MG8RQpMzYhhAY7kTO8gE9K7hfXOc8n8+tcdLrz+LrJrKy0l9J0vULme3vNSudglleJYpJoUCk4dlZMsT93djmuh1DWo4IZWRlOB/rOBGg9cn2965MwnOc4uq3zW69jSjSp0eaFONrN39ev3G58Dpmh+O/hUxnHmG+ib3U25J/UCvsgLkZ2g++a+ZP2V/A9zq3iW48bzwumk2ttJZaXLIuBdSyECaZM9UVV2BujEtjgZr6bLHJ5Fe3l9OVPDxUtOp8rj6iniJOOuyJLhRI8yuqurEqwZQQwyeDntXnWq/s8/DPWbp7m58G6dHK3LG132wb3IiZR+Nejzj95L/vf1pLdQ0qggEbkGDXqVLObTXU82DcYppnyj+0nofh74eH4beHdJt7Xw74av9Slm1O1sV8ua7CKqFncgltiSu43E4YCrHij9mT4eaPq2ueHYNBS5hkvtBgGrzzk6huldw7rNjIZwuSRgDjC44rx34461qGt+PvG0Oo39zqEVhEFtI7qZpFtw0jhhGGJ2AgAHGM19GancSv8SvCqNK7JLd+GmkUscORbzkE+pzX0OGpQeEhJxV7yX3Wf6/gjhderCtKMZtK0Zbve7/K34s8u+PvgLw98MLrwX8KfD17fyo2uw6zf31/MXnea5lW3jjLRquEMSOWAA4VST3r6D079m/4aaRfeenhWC9liclDqVxNdqD0HyyOy9vT0r54+O00h+O/xfnLsZrXSbqSCTPzQuljZFGQ/wlSzEEdNxx1r6B/Zv1nUNd+DWgX2p31zqN7I0oe5u5mlkbDnGWYkmuXNaNOnOmoxXwrW3dv8loXhMRWre0nUm23J9X2X5u7+Z6ZEixIERVRFAVVVQoAHAAA6Cl3D1/WlX7p+g/rQAMdK8Y7T/9k=', 'brad', '0');
INSERT INTO `user` VALUES ('73', 'www', '123', '/9j/4AAQSkZJRgABAQEAYABgAAD/2wBDAAMCAgMCAgMDAwMEAwMEBQgFBQQEBQoHBwYIDAoMDAsKCwsNDhIQDQ4RDgsLEBYQERMUFRUVDA8XGBYUGBIUFRT/2wBDAQMEBAUEBQkFBQkUDQsNFBQUFBQUFBQUFBQUFBQUFBQUFBQUFBQUFBQUFBQUFBQUFBQUFBQUFBQUFBQUFBQUFBT/wAARCAA6ADoDASIAAhEBAxEB/8QAHwAAAQUBAQEBAQEAAAAAAAAAAAECAwQFBgcICQoL/8QAtRAAAgEDAwIEAwUFBAQAAAF9AQIDAAQRBRIhMUEGE1FhByJxFDKBkaEII0KxwRVS0fAkM2JyggkKFhcYGRolJicoKSo0NTY3ODk6Q0RFRkdISUpTVFVWV1hZWmNkZWZnaGlqc3R1dnd4eXqDhIWGh4iJipKTlJWWl5iZmqKjpKWmp6ipqrKztLW2t7i5usLDxMXGx8jJytLT1NXW19jZ2uHi4+Tl5ufo6erx8vP09fb3+Pn6/8QAHwEAAwEBAQEBAQEBAQAAAAAAAAECAwQFBgcICQoL/8QAtREAAgECBAQDBAcFBAQAAQJ3AAECAxEEBSExBhJBUQdhcRMiMoEIFEKRobHBCSMzUvAVYnLRChYkNOEl8RcYGRomJygpKjU2Nzg5OkNERUZHSElKU1RVVldYWVpjZGVmZ2hpanN0dXZ3eHl6goOEhYaHiImKkpOUlZaXmJmaoqOkpaanqKmqsrO0tba3uLm6wsPExcbHyMnK0tPU1dbX2Nna4uPk5ebn6Onq8vP09fb3+Pn6/9oADAMBAAIRAxEAPwD9F5uJpAePm7/U15x8Vfi3b+AIPsVsIZdVeLzma4yYbSIkgSSBTl2YghIl5Yg8hQTV6xn1XRdQ1e50FW8deGpL+czRWNyh1HSrnzT9ohKuQJIw4YquQy52gFdtfHPiLxlc+Ote17WNVE2nqLy5nuoJY8TWwjYxLGy93RFWML6lj3NfG1aM4VbNXu9PM+5yTB0sxqNVp8tOEXKb6pL+vl+d/wAR/Evxn4t1GYzeLdeMTHK2tncfZlAyf4IAD+p7c1wVx8OYH1V9WOn6hDq3n/aTqIe4Fx5w/wCWnmE53e+a9n0X4cyz6ct2l1bRk2gI0ueYpbJO6q0XmyRsJHIDYIOAWPyjFRHwR4b163gtNKMcOp3EcF/J5UlxFMAs6xuYlY/LCwWQ4J3Zwa+eeaYKM3HmlJJ2bUbpet2tLdbeh9c8/wAFh/3eFwEeW32mk2v/AAGX4tvuef6X8WPiX4Il82w8barcRoR+61KT7ZEefussuWHQjhh9a+q/gF+0FafGCzudPvraPSvE9jGJbizjcmGeInHnwE8lc8Mp5U4zkEGvmzUNHsbLw6dX1DV3W1vDLcxWl4FcwwtKwiSNifMViihsMCjDjIODXGaHr9z8JviHpfiCB8/2TcrNJsbAmtH+WZc91aM5/BTXqQlCpFzpu6Ta2a1W6/4ZtETpZfnmFqVMJS9lWgr8qtqvlo0+9k07X0ev6R5xkHjFJ5lefav4vufGmmXVr4Tlu9P0vymlv/Fk8LQQ2VsFLO9v5gBllK52kDYv3iTgAweBfGHiLVvBPh6+Y2N21zp1vMbiQqWlLRqdxwepzn8atxaipvZn58pJtpdDgfjTr3j/AOEFjqnid7qw1+0tteXUdOtnkFoJtzOsdrMkSB5SisNrZbAiDNkcV8t3N74vutT1jUL/AE7SDPrlxPe3O+4eWCbznLt5ezhk5GCDkYHOc19LftH66de+J9vomd9loFstyyfwm7n3YY+6Rrx/v14+/hb7LNJLpUq2gkbe9rJGsltIc5OYzwDnupDe9cmKzfkxDpTbtF7ro/6/4Y+v4fhSwkHWqQ5lUi01p8L9dNeq09e/If2l4peK5jZtJ8u5KtPFIbqRZSqhVLgyfNgKAPTAqS01fxVYS+bbPoVvKIxErxWs6MEDbgoIk6Z5x61D4r1PxDpPhbxB4oPg+KDw5od3HaX+tW7ukCM23pCzs2BvXkH+Icc1BcXWvReH21iKysLyyFv9pWS3mlJkjIyCo2en9aueJjTiuZ2jLbRpP8PQ+vw74bqJ2pJNbpx1X3XX4l/UfEXivV9Oaw1O30nU7EsH8kT3EBDZJyGO4jJJyBxzXKeKNY1GSUy3OhJB5Cxttt7hXiCoylVIOCFwmMn1q7eS+MdP17RND1vRk8J3+uWgvtMj1AsftcPqrLnkf3Tg8jNdJpPwsLyG41q9GpzKd8cCx7YFbsduTuP+8SB6VjXxkMLH2ctOtrW177fiJVsopxnUy9ayXK2kkrdrtafL/hvonTfiF41+O3hC61Dw/wCEiNO1t4JNPi8QlbiyswgZXlZo2UHDgH7O4PKHPUCvZtD+GHhnRtGsNP8A7N+0/ZLeODzmzmTaoXcfrjP414f+yh4pex8S+I/Cc8v+j3cX9sWiMT8swYR3IXPY/I2PUE+tfSxiySeR9BXRSxCxNGErWX69T8nrYf2FWVPt/SPkLx7O03xa+IJdt0i6uqnPUKLWAL+GKyFBOR3Ndx+014OvfCfjq48cW0DSaFqccUWpSIpK2lxGCiySAdEkQKC/QFBnAOa82ttegnQOiOyNyrxYZT16EZr5TMoSp4uo5dW2j67LpxqYaHL0Vmc+fAN/qHiqTxN4e8Q+RaT3Ae90jULY3enz3EQMRla3ZgjuFBX5wQCARXPRaVHp3iO38BxWviwWhtWhTUBJD9iEG0hzt2/dG7ae4JGB3roYNXfw3qN+9tpba5ZK32gwwY+1WXmS5I2E4ZGc5B4IJI5Fc1/wuOB/FT6rt1RtEgVYii2qBEZ1HyMM5JLFW3ZwAcYzXdFzr0opXlGKdv8AgeZrCjBzbpx97ra77/ds395vaT8O9d0lYH8V+JIPEumaU8M1jf6jA8uo20MG8RQpMzYhhAY7kTO8gE9K7hfXOc8n8+tcdLrz+LrJrKy0l9J0vULme3vNSudglleJYpJoUCk4dlZMsT93djmuh1DWo4IZWRlOB/rOBGg9cn2965MwnOc4uq3zW69jSjSp0eaFONrN39ev3G58Dpmh+O/hUxnHmG+ib3U25J/UCvsgLkZ2g++a+ZP2V/A9zq3iW48bzwumk2ttJZaXLIuBdSyECaZM9UVV2BujEtjgZr6bLHJ5Fe3l9OVPDxUtOp8rj6iniJOOuyJLhRI8yuqurEqwZQQwyeDntXnWq/s8/DPWbp7m58G6dHK3LG132wb3IiZR+Nejzj95L/vf1pLdQ0qggEbkGDXqVLObTXU82DcYppnyj+0nofh74eH4beHdJt7Xw74av9Slm1O1sV8ua7CKqFncgltiSu43E4YCrHij9mT4eaPq2ueHYNBS5hkvtBgGrzzk6huldw7rNjIZwuSRgDjC44rx34461qGt+PvG0Oo39zqEVhEFtI7qZpFtw0jhhGGJ2AgAHGM19GancSv8SvCqNK7JLd+GmkUscORbzkE+pzX0OGpQeEhJxV7yX3Wf6/gjhderCtKMZtK0Zbve7/K34s8u+PvgLw98MLrwX8KfD17fyo2uw6zf31/MXnea5lW3jjLRquEMSOWAA4VST3r6D079m/4aaRfeenhWC9liclDqVxNdqD0HyyOy9vT0r54+O00h+O/xfnLsZrXSbqSCTPzQuljZFGQ/wlSzEEdNxx1r6B/Zv1nUNd+DWgX2p31zqN7I0oe5u5mlkbDnGWYkmuXNaNOnOmoxXwrW3dv8loXhMRWre0nUm23J9X2X5u7+Z6ZEixIERVRFAVVVQoAHAAA6Cl3D1/WlX7p+g/rQAMdK8Y7T/9k=', 'www', '0');
INSERT INTO `user` VALUES ('74', '看看', '123', 'iVBORw0KGgoAAAANSUhEUgAAAB8AAAAfCAIAAACQzIFuAAAAA3NCSVQICAjb4U/gAAAFXUlEQVRI\nic2We1BUVRzHf79z791ddpfdBWTlqeIDnyCRqIGmjkjK5GNqMhWbdND+acRHOmPTWE7NaDmVZQyl\n1UyZg5plqdA4KqBAmJaIiDwkRFkeC7uw7C77vPee0x82GLYCzuRM3z/u3N+dcz7zOb97556DjDF4\nYiFPDv0/oDOA5ksXC7Zt7f48zlbyAwAMv5l8AFzZVzg3W3bbSFDI5ZdWzE65Odpvi12X13Dk1mTb\nZqnT5AjX6kj0nZu/xOfkDk7HgCLU00vzZnIbCsW2KkHuYK42ef/3sCSJdJS5KnjtdCuowtyjFqjG\nzuLnbH08d3+fg4gMO9sgLYMk6u1/1vrHBock62vLyhPGeRCFbXvk/cYucqENSo9I8Zm8ceJw3R0O\nh9oYgVNGspxMbuNBNp93dPv0awgD5rSjdoFRLLEoo3imj0VVBESnYsE+s2ZlxM7jw+0M1QXBu8/S\ncActbOKJDSfL4AHHYU6nYLCK2mwkJEIGDVBXkLUu2PhGdnvPqBE4Tpm+6N/0Ad8MlSX7sqmOaZyd\nEpvVJiR1W6No5TWCItvRg2I6gx5mqITudv7KJd5SLqpu97j2fTvSektIjgzoPoCOhHfb7WjQ6W7X\na6CVdhIEKHLw92q5LxZK1nroqyIwg4Vq5Q4Tp7LL1EfVib1cfa7p8kX5PeMQdPn8zxYulKHsVHhU\nvR4mgqocXqfS2t8V6IawGPC40V8LMYfUK2b79QuhYwkHXg9dO/74hndwR90QfZdLisXwTmYqVHjL\nyeYWfIWxDuKsAebBbsA4kIFjH9ST1SkYFUd5I/ObBJ4BWZNKVfE4axMJSXikOwNwlp5VKiSh5ASc\ns5sWEyDAFFDdAxpkMxo5thRLbIKfkRO3gI8BnwQ1fqhSU7mhi12vRFkawt3R2qI8u8+Smx+V5YMD\n3vwQWIOAYxlaGI3g2TWZ49hRCx8/Gp5KkHwjQBVKnLoI9SUJ1r/s8bUGrzw5WN/b+1yKZ9MicyKt\nP7H6Xly7jB6LFl6tU3W0cHCXRncpeoNhVaKUvFyCClSdQeYBrc/ifi6o+8cSbcbeIdyt+S/o5udw\nzafYjXOeogb7dUzs4i27/eQ32nqPD5KZmmOK8UgIRQNjjKAexDKFf1yMKkEETx+/yzqYewhqmqvN\naLxMBKrN1EbFgyXR7zeGQRjmNhNXLGirBDKKFd8ldFF4TQ/mHYfdv3pRo8asL7m3zEO4A4BsMxVM\nmPq8wQWTDGyxkzSxyhpMTpJAQiKxD28qt8/0Ug+BM9S5lNOnRJqv9xYoUtc9HcavzB+aDgBSy0XS\n19hZdyFSrJOuNl4pkkYrGBXROAdUGip8KlxJk5LmsT/6QncVC00mZ33pN9yE5UgC/BAD7B5c7Dz7\n1YMjO6q/3ttFZyZOyp4iaYghiJVXoMuNkoQTV+vY+ImnGgx56ybUF+ZB/omAaAAAFiiyLJmvnna/\nneHLCy/dmCSfnJudZEClsmtTVPmeafL5TDUKjo/COj9bQn32gIT7Cbx7AIAoStu3vJY6Y4yzx7w+\n+g4ktHsPN4qpWXFZh9PnTs+WvBnHviP6ScCrBry2rc9gk5qcLhrM/e8V+Hz+O3XdB/ZS6w2x4qjc\nWkx3oj5ET70msfTjgFOoz0Nlub8cjN4f6dCbnZWV9+8VKuUDFh04zNX90MRh0fvjcrsH0BlzrEoZ\nZPwj+x4wglJBCPF5vMMcH+jEwSi4zWCpRHMZa7kAd6vBJEE73GjjOOQZQ/YiQhRArIBjptNR6RiR\nBuHJoI5ERNcnOzVb3u9HPZ77kGEA+I/yPz7p4cCSt1qtoijqdDqNRkMpRUQAuH99YMTYQ0+Gmb8A\nLWGelkD8J+wAAAAASUVORK5CYII=\n', '看看', '0');
INSERT INTO `user` VALUES ('75', 'aabb', '123', 'iVBORw0KGgoAAAANSUhEUgAAACIAAAAiCAIAAAC1JZyVAAAAA3NCSVQICAjb4U/gAAAIv0lEQVRI\nia2XaXDV1RnG3/ec81/ultzcbNwEDEYSUk0QRYhQ4oCixaJooSrjMnVG69JpZ6ztuKKtWlyQOp1a\npx1hRmzRsbQscQdUQAQDRDFESAiJCcnNvtx7c3OX/3LO2w+iEMl0mfJ8OTPny+88z5zzvu9BcqJw\nVmQJd+jgQPn12bZNQAhWVA8U7XsXKypJKHZ2GACv11TGpi32SouAGDITjJBtDc1d2PTESkR2FjBK\nqqFn1q5o6DYk1wmlcD/88fVRxlwAnyMmrVkH/f34/4c2hjTgDxVlPKOcvV9WeuvOeqbjieKCoBUD\nMDgBsLPhxt8UCbCQCypPyopw0buzSlN+AJSMdE4AAJzccW4sUBbafsUY6t9uEriolAvIFQcmUCIQ\ngZYCYYLlOAYdX/GL6Ru3pgERGIFSwjCseL83K9uyOCAAEIA4/VyCMXLAZso8BSGHKUQSyUxk+55C\nn2/wvd1CCO+Myj5OZdcsHDOyMOQjIAAkUABgK2JAAAQIQAAACHDSjaukFCzzWVt/V3dcUzMX1zDF\ngKn+d3bF6vYG0+Ay8rlISLZC1B3maogIBP7zimHS95wVt3MY/fpgGa750gP9gXCulUTgAJDUv3Ej\nCLF9WFx07rQZ5zFLxjkb/PNrWUry9q5cAsUwKTQmNI8jQ3csj3xSHzjWAgCSQaIt4g7FvSzF1Un/\nDgMXgXP+bSJdgayTV+Dw3v2dHe0m4wyZPTzi/GN7IJiT7uu3GHc4CsmnrvpV8IbFaUYtr70FgIrr\nKZ8//JObXFQ0OuZbttz5OigAD9iB9j7TTjEQiimHOxcf+uikmwtmXtjTeIzbZOl0Ym99Sc1c3tLa\n+2Vz9nP397y2VYRyNUcfm10ZnlVZnAQ0UGry8ON/Cff0gSIT3Vi4AK9bLGq3IQBKHq2YZSpSgA5j\nwUMHUwV5qDJDyHlSOkY8w70mcOEebLa+ahlsaFRaxvZNqXjgzlEPT6x/U9Y3GrqjW8g8nviyBUWz\nLxnd9Jaq+zKFkJeCuMfxB6bteeulquaWYov3ZOmtS6oXrPsbCi8wYMi5cl0P4zzHT44DHIY3bhmI\nfDX1Nw/KomnTH7w70xlJPPVi0Q/nabMvRYcznfjC+aq9e3TLjuyblg3n+AqfXxnzewRh3O6+ev8h\nY9du6/DByf3tNev/Lg1TSQUASOkRQiU1ziWpeNLxa72rXoTckN0RK3/+l2TLwZXPMC3PfO520zGE\nbUkDlG3g2PDQ02vDTz+gDBy5bzUHO6Whbqu8NY+ohMVNX9OndeULL+XfPH9GREopkko6TldXFxom\nj6W0lkho3vnoSABu2hzFaHrVq0LTgBtc6nZfR8fqlxywE6bLLJFkGFy0VCllcUBAN+gnKQcHB05/\nkUxxYMjJdRnj/b19ViLBGIVfeCL3qjmgA1IGdegLhHyP3gtx1fTkCzQUY1PCJT//mUA00QSDUl5H\nLZ2pEXM1M905pCvlZDK6YRDRKQxnDDTuasxGNfvyGlHfSAb0/nV9y6ubJOeOB4277xRD3XrnkJOK\naiVTuv/0KnOhf8PGont/yiWQo7It6d6zOlQ+lSvp1B8YS6Xq6vZdeuUihniqvgAAEnltDkBKkPvl\nMbR1dbwzb/YlrHvYmpTb3XrMKC0TO3e2NjdnpaXF1NjDa8zsEIQLrQPNmb2fpBSzcvVwIulzMvzg\nUe+111y24HLyCoLT3Hy97Fy3AQCZouNdfVGBvV6Wt+Tqtt+/6GntnTIcE066p6HZYztMgdfSMhzE\nyHDPY7/rPHJouCcy7bFHcmtmdw1E3WXXRedUHdn58Z4330aG/LTyf7KmpRgl2iMFhZPA1BwBiQ1v\nZw5+EZ9TZTZ2CA/6BqJJnUvg5972I7e3L7qrTjo21zSjNBxYvKTnD+u8HtahQWd+aP73r+hqaJx5\n81IQpxI7hQEAUApANK55menk7RoCj15yfgUG/T17Ps5MOWfyXTcyzdQIHVCOktFN29X++vxgcMCy\npixckN78nnr+vubXay+5dikUBOEMjes3ZLmRbR8VVlVSfnD4yTUgUWdcVVVkL64x8kMO2hp4pOMA\n55RMphuaRmp3eJU96jECKQg+dT96mBZVkGueiRnXPUf6+wuvvUKbGh443OpJq/CN15+YXhxPSdk2\nSGOukB5ySWoclFIDUXvzDis7P+/WW3jStYSdqN3R8/6BpgP7z2R8FxMIF/CUkxoYSTccEvMqOjvb\nyq5cFDjW1Ld5e/2Hu5SgyEOrj2z9IMNp/57P+jRt8m03DF88NeEz/VqOau/IWTK3dNHcCTHjQsuo\nTMv23exIJA+pYN6so2/UVv72sdRXrZ3J+PQLKjM5uidmuQG/SI8p00i3RLznFlseduKh50Z8Wngw\nHTB1GQwWPHwXnDFijGvSTBjO4aZzis4ZyCvIr77QrN1FgsRF08pdBQLrN27NHDnKQc759QNeHTyl\nk0E6n6xam6+lZz3+iNZwHEtKP3u7tmCiMWbcllBo5+XkL19aclV1+5YdLBlL7fz00Mv/hIyLpM1f\ncXNoZnXZ/B94Te/hV950Pj/y+TsfXXbP7UxprS9tyFQUH13/RpY3e8LQxrlBounzqmMf7PEsqB6K\nJgp107dg7iw/Rjbt9o5Ej/b2FFdXFs+4MLV2gzYUG8nOEuGs+LZ9gmH5Hcs56mX33qAZ+oSY746D\nUoIFKqMrv2QtDz1buvpRr0M92/bZ2XpJVZXdcrT/0wPh227RXBrL0rhpesZg7I0tqRklwYtn6MgB\ncULMd3PkHLychaTQkSfARSkB1SjFc04MKr/eU/eF0xujLE/DH18ZXLtZkGzevEXccV1eSRnTBE2M\nmAhzSkSzn13JiFygrKSK9HRLUiKW9togAMuvvjx4ostVqj8ZN/uSkeYW13FPK5X/KbQzJUlhwom0\ntuXPKhvr6M7PCqtszVXSbev0lp8HpAAQEIHUmff4f8A4pDSXiNvETALJbEibzADbJZ0rACJEBACO\n/24cPws/gv9G/wJYj3U7d/JX3QAAAABJRU5ErkJggg==\n', 'aabb', '0');
INSERT INTO `user` VALUES ('76', 'sam', '123', '/9j/4AAQSkZJRgABAQEAYABgAAD/2wBDAAMCAgMCAgMDAwMEAwMEBQgFBQQEBQoHBwYIDAoMDAsKCwsNDhIQDQ4RDgsLEBYQERMUFRUVDA8XGBYUGBIUFRT/2wBDAQMEBAUEBQkFBQkUDQsNFBQUFBQUFBQUFBQUFBQUFBQUFBQUFBQUFBQUFBQUFBQUFBQUFBQUFBQUFBQUFBQUFBT/wAARCAA6ADoDASIAAhEBAxEB/8QAHwAAAQUBAQEBAQEAAAAAAAAAAAECAwQFBgcICQoL/8QAtRAAAgEDAwIEAwUFBAQAAAF9AQIDAAQRBRIhMUEGE1FhByJxFDKBkaEII0KxwRVS0fAkM2JyggkKFhcYGRolJicoKSo0NTY3ODk6Q0RFRkdISUpTVFVWV1hZWmNkZWZnaGlqc3R1dnd4eXqDhIWGh4iJipKTlJWWl5iZmqKjpKWmp6ipqrKztLW2t7i5usLDxMXGx8jJytLT1NXW19jZ2uHi4+Tl5ufo6erx8vP09fb3+Pn6/8QAHwEAAwEBAQEBAQEBAQAAAAAAAAECAwQFBgcICQoL/8QAtREAAgECBAQDBAcFBAQAAQJ3AAECAxEEBSExBhJBUQdhcRMiMoEIFEKRobHBCSMzUvAVYnLRChYkNOEl8RcYGRomJygpKjU2Nzg5OkNERUZHSElKU1RVVldYWVpjZGVmZ2hpanN0dXZ3eHl6goOEhYaHiImKkpOUlZaXmJmaoqOkpaanqKmqsrO0tba3uLm6wsPExcbHyMnK0tPU1dbX2Nna4uPk5ebn6Onq8vP09fb3+Pn6/9oADAMBAAIRAxEAPwD9F5uJpAePm7/U15x8Vfi3b+AIPsVsIZdVeLzma4yYbSIkgSSBTl2YghIl5Yg8hQTV6xn1XRdQ1e50FW8deGpL+czRWNyh1HSrnzT9ohKuQJIw4YquQy52gFdtfHPiLxlc+Ote17WNVE2nqLy5nuoJY8TWwjYxLGy93RFWML6lj3NfG1aM4VbNXu9PM+5yTB0sxqNVp8tOEXKb6pL+vl+d/wAR/Evxn4t1GYzeLdeMTHK2tncfZlAyf4IAD+p7c1wVx8OYH1V9WOn6hDq3n/aTqIe4Fx5w/wCWnmE53e+a9n0X4cyz6ct2l1bRk2gI0ueYpbJO6q0XmyRsJHIDYIOAWPyjFRHwR4b163gtNKMcOp3EcF/J5UlxFMAs6xuYlY/LCwWQ4J3Zwa+eeaYKM3HmlJJ2bUbpet2tLdbeh9c8/wAFh/3eFwEeW32mk2v/AAGX4tvuef6X8WPiX4Il82w8barcRoR+61KT7ZEefussuWHQjhh9a+q/gF+0FafGCzudPvraPSvE9jGJbizjcmGeInHnwE8lc8Mp5U4zkEGvmzUNHsbLw6dX1DV3W1vDLcxWl4FcwwtKwiSNifMViihsMCjDjIODXGaHr9z8JviHpfiCB8/2TcrNJsbAmtH+WZc91aM5/BTXqQlCpFzpu6Ta2a1W6/4ZtETpZfnmFqVMJS9lWgr8qtqvlo0+9k07X0ev6R5xkHjFJ5lefav4vufGmmXVr4Tlu9P0vymlv/Fk8LQQ2VsFLO9v5gBllK52kDYv3iTgAweBfGHiLVvBPh6+Y2N21zp1vMbiQqWlLRqdxwepzn8atxaipvZn58pJtpdDgfjTr3j/AOEFjqnid7qw1+0tteXUdOtnkFoJtzOsdrMkSB5SisNrZbAiDNkcV8t3N74vutT1jUL/AE7SDPrlxPe3O+4eWCbznLt5ezhk5GCDkYHOc19LftH66de+J9vomd9loFstyyfwm7n3YY+6Rrx/v14+/hb7LNJLpUq2gkbe9rJGsltIc5OYzwDnupDe9cmKzfkxDpTbtF7ro/6/4Y+v4fhSwkHWqQ5lUi01p8L9dNeq09e/If2l4peK5jZtJ8u5KtPFIbqRZSqhVLgyfNgKAPTAqS01fxVYS+bbPoVvKIxErxWs6MEDbgoIk6Z5x61D4r1PxDpPhbxB4oPg+KDw5od3HaX+tW7ukCM23pCzs2BvXkH+Icc1BcXWvReH21iKysLyyFv9pWS3mlJkjIyCo2en9aueJjTiuZ2jLbRpP8PQ+vw74bqJ2pJNbpx1X3XX4l/UfEXivV9Oaw1O30nU7EsH8kT3EBDZJyGO4jJJyBxzXKeKNY1GSUy3OhJB5Cxttt7hXiCoylVIOCFwmMn1q7eS+MdP17RND1vRk8J3+uWgvtMj1AsftcPqrLnkf3Tg8jNdJpPwsLyG41q9GpzKd8cCx7YFbsduTuP+8SB6VjXxkMLH2ctOtrW177fiJVsopxnUy9ayXK2kkrdrtafL/hvonTfiF41+O3hC61Dw/wCEiNO1t4JNPi8QlbiyswgZXlZo2UHDgH7O4PKHPUCvZtD+GHhnRtGsNP8A7N+0/ZLeODzmzmTaoXcfrjP414f+yh4pex8S+I/Cc8v+j3cX9sWiMT8swYR3IXPY/I2PUE+tfSxiySeR9BXRSxCxNGErWX69T8nrYf2FWVPt/SPkLx7O03xa+IJdt0i6uqnPUKLWAL+GKyFBOR3Ndx+014OvfCfjq48cW0DSaFqccUWpSIpK2lxGCiySAdEkQKC/QFBnAOa82ttegnQOiOyNyrxYZT16EZr5TMoSp4uo5dW2j67LpxqYaHL0Vmc+fAN/qHiqTxN4e8Q+RaT3Ae90jULY3enz3EQMRla3ZgjuFBX5wQCARXPRaVHp3iO38BxWviwWhtWhTUBJD9iEG0hzt2/dG7ae4JGB3roYNXfw3qN+9tpba5ZK32gwwY+1WXmS5I2E4ZGc5B4IJI5Fc1/wuOB/FT6rt1RtEgVYii2qBEZ1HyMM5JLFW3ZwAcYzXdFzr0opXlGKdv8AgeZrCjBzbpx97ra77/ds395vaT8O9d0lYH8V+JIPEumaU8M1jf6jA8uo20MG8RQpMzYhhAY7kTO8gE9K7hfXOc8n8+tcdLrz+LrJrKy0l9J0vULme3vNSudglleJYpJoUCk4dlZMsT93djmuh1DWo4IZWRlOB/rOBGg9cn2965MwnOc4uq3zW69jSjSp0eaFONrN39ev3G58Dpmh+O/hUxnHmG+ib3U25J/UCvsgLkZ2g++a+ZP2V/A9zq3iW48bzwumk2ttJZaXLIuBdSyECaZM9UVV2BujEtjgZr6bLHJ5Fe3l9OVPDxUtOp8rj6iniJOOuyJLhRI8yuqurEqwZQQwyeDntXnWq/s8/DPWbp7m58G6dHK3LG132wb3IiZR+Nejzj95L/vf1pLdQ0qggEbkGDXqVLObTXU82DcYppnyj+0nofh74eH4beHdJt7Xw74av9Slm1O1sV8ua7CKqFncgltiSu43E4YCrHij9mT4eaPq2ueHYNBS5hkvtBgGrzzk6huldw7rNjIZwuSRgDjC44rx34461qGt+PvG0Oo39zqEVhEFtI7qZpFtw0jhhGGJ2AgAHGM19GancSv8SvCqNK7JLd+GmkUscORbzkE+pzX0OGpQeEhJxV7yX3Wf6/gjhderCtKMZtK0Zbve7/K34s8u+PvgLw98MLrwX8KfD17fyo2uw6zf31/MXnea5lW3jjLRquEMSOWAA4VST3r6D079m/4aaRfeenhWC9liclDqVxNdqD0HyyOy9vT0r54+O00h+O/xfnLsZrXSbqSCTPzQuljZFGQ/wlSzEEdNxx1r6B/Zv1nUNd+DWgX2p31zqN7I0oe5u5mlkbDnGWYkmuXNaNOnOmoxXwrW3dv8loXhMRWre0nUm23J9X2X5u7+Z6ZEixIERVRFAVVVQoAHAAA6Cl3D1/WlX7p+g/rQAMdK8Y7T/9k=', 'sam', '0');
INSERT INTO `user` VALUES ('77', 'sam1', '123', '/9j/4AAQSkZJRgABAQEAYABgAAD/2wBDAAMCAgMCAgMDAwMEAwMEBQgFBQQEBQoHBwYIDAoMDAsKCwsNDhIQDQ4RDgsLEBYQERMUFRUVDA8XGBYUGBIUFRT/2wBDAQMEBAUEBQkFBQkUDQsNFBQUFBQUFBQUFBQUFBQUFBQUFBQUFBQUFBQUFBQUFBQUFBQUFBQUFBQUFBQUFBQUFBT/wAARCAA6ADoDASIAAhEBAxEB/8QAHwAAAQUBAQEBAQEAAAAAAAAAAAECAwQFBgcICQoL/8QAtRAAAgEDAwIEAwUFBAQAAAF9AQIDAAQRBRIhMUEGE1FhByJxFDKBkaEII0KxwRVS0fAkM2JyggkKFhcYGRolJicoKSo0NTY3ODk6Q0RFRkdISUpTVFVWV1hZWmNkZWZnaGlqc3R1dnd4eXqDhIWGh4iJipKTlJWWl5iZmqKjpKWmp6ipqrKztLW2t7i5usLDxMXGx8jJytLT1NXW19jZ2uHi4+Tl5ufo6erx8vP09fb3+Pn6/8QAHwEAAwEBAQEBAQEBAQAAAAAAAAECAwQFBgcICQoL/8QAtREAAgECBAQDBAcFBAQAAQJ3AAECAxEEBSExBhJBUQdhcRMiMoEIFEKRobHBCSMzUvAVYnLRChYkNOEl8RcYGRomJygpKjU2Nzg5OkNERUZHSElKU1RVVldYWVpjZGVmZ2hpanN0dXZ3eHl6goOEhYaHiImKkpOUlZaXmJmaoqOkpaanqKmqsrO0tba3uLm6wsPExcbHyMnK0tPU1dbX2Nna4uPk5ebn6Onq8vP09fb3+Pn6/9oADAMBAAIRAxEAPwD9F5uJpAePm7/U15x8Vfi3b+AIPsVsIZdVeLzma4yYbSIkgSSBTl2YghIl5Yg8hQTV6xn1XRdQ1e50FW8deGpL+czRWNyh1HSrnzT9ohKuQJIw4YquQy52gFdtfHPiLxlc+Ote17WNVE2nqLy5nuoJY8TWwjYxLGy93RFWML6lj3NfG1aM4VbNXu9PM+5yTB0sxqNVp8tOEXKb6pL+vl+d/wAR/Evxn4t1GYzeLdeMTHK2tncfZlAyf4IAD+p7c1wVx8OYH1V9WOn6hDq3n/aTqIe4Fx5w/wCWnmE53e+a9n0X4cyz6ct2l1bRk2gI0ueYpbJO6q0XmyRsJHIDYIOAWPyjFRHwR4b163gtNKMcOp3EcF/J5UlxFMAs6xuYlY/LCwWQ4J3Zwa+eeaYKM3HmlJJ2bUbpet2tLdbeh9c8/wAFh/3eFwEeW32mk2v/AAGX4tvuef6X8WPiX4Il82w8barcRoR+61KT7ZEefussuWHQjhh9a+q/gF+0FafGCzudPvraPSvE9jGJbizjcmGeInHnwE8lc8Mp5U4zkEGvmzUNHsbLw6dX1DV3W1vDLcxWl4FcwwtKwiSNifMViihsMCjDjIODXGaHr9z8JviHpfiCB8/2TcrNJsbAmtH+WZc91aM5/BTXqQlCpFzpu6Ta2a1W6/4ZtETpZfnmFqVMJS9lWgr8qtqvlo0+9k07X0ev6R5xkHjFJ5lefav4vufGmmXVr4Tlu9P0vymlv/Fk8LQQ2VsFLO9v5gBllK52kDYv3iTgAweBfGHiLVvBPh6+Y2N21zp1vMbiQqWlLRqdxwepzn8atxaipvZn58pJtpdDgfjTr3j/AOEFjqnid7qw1+0tteXUdOtnkFoJtzOsdrMkSB5SisNrZbAiDNkcV8t3N74vutT1jUL/AE7SDPrlxPe3O+4eWCbznLt5ezhk5GCDkYHOc19LftH66de+J9vomd9loFstyyfwm7n3YY+6Rrx/v14+/hb7LNJLpUq2gkbe9rJGsltIc5OYzwDnupDe9cmKzfkxDpTbtF7ro/6/4Y+v4fhSwkHWqQ5lUi01p8L9dNeq09e/If2l4peK5jZtJ8u5KtPFIbqRZSqhVLgyfNgKAPTAqS01fxVYS+bbPoVvKIxErxWs6MEDbgoIk6Z5x61D4r1PxDpPhbxB4oPg+KDw5od3HaX+tW7ukCM23pCzs2BvXkH+Icc1BcXWvReH21iKysLyyFv9pWS3mlJkjIyCo2en9aueJjTiuZ2jLbRpP8PQ+vw74bqJ2pJNbpx1X3XX4l/UfEXivV9Oaw1O30nU7EsH8kT3EBDZJyGO4jJJyBxzXKeKNY1GSUy3OhJB5Cxttt7hXiCoylVIOCFwmMn1q7eS+MdP17RND1vRk8J3+uWgvtMj1AsftcPqrLnkf3Tg8jNdJpPwsLyG41q9GpzKd8cCx7YFbsduTuP+8SB6VjXxkMLH2ctOtrW177fiJVsopxnUy9ayXK2kkrdrtafL/hvonTfiF41+O3hC61Dw/wCEiNO1t4JNPi8QlbiyswgZXlZo2UHDgH7O4PKHPUCvZtD+GHhnRtGsNP8A7N+0/ZLeODzmzmTaoXcfrjP414f+yh4pex8S+I/Cc8v+j3cX9sWiMT8swYR3IXPY/I2PUE+tfSxiySeR9BXRSxCxNGErWX69T8nrYf2FWVPt/SPkLx7O03xa+IJdt0i6uqnPUKLWAL+GKyFBOR3Ndx+014OvfCfjq48cW0DSaFqccUWpSIpK2lxGCiySAdEkQKC/QFBnAOa82ttegnQOiOyNyrxYZT16EZr5TMoSp4uo5dW2j67LpxqYaHL0Vmc+fAN/qHiqTxN4e8Q+RaT3Ae90jULY3enz3EQMRla3ZgjuFBX5wQCARXPRaVHp3iO38BxWviwWhtWhTUBJD9iEG0hzt2/dG7ae4JGB3roYNXfw3qN+9tpba5ZK32gwwY+1WXmS5I2E4ZGc5B4IJI5Fc1/wuOB/FT6rt1RtEgVYii2qBEZ1HyMM5JLFW3ZwAcYzXdFzr0opXlGKdv8AgeZrCjBzbpx97ra77/ds395vaT8O9d0lYH8V+JIPEumaU8M1jf6jA8uo20MG8RQpMzYhhAY7kTO8gE9K7hfXOc8n8+tcdLrz+LrJrKy0l9J0vULme3vNSudglleJYpJoUCk4dlZMsT93djmuh1DWo4IZWRlOB/rOBGg9cn2965MwnOc4uq3zW69jSjSp0eaFONrN39ev3G58Dpmh+O/hUxnHmG+ib3U25J/UCvsgLkZ2g++a+ZP2V/A9zq3iW48bzwumk2ttJZaXLIuBdSyECaZM9UVV2BujEtjgZr6bLHJ5Fe3l9OVPDxUtOp8rj6iniJOOuyJLhRI8yuqurEqwZQQwyeDntXnWq/s8/DPWbp7m58G6dHK3LG132wb3IiZR+Nejzj95L/vf1pLdQ0qggEbkGDXqVLObTXU82DcYppnyj+0nofh74eH4beHdJt7Xw74av9Slm1O1sV8ua7CKqFncgltiSu43E4YCrHij9mT4eaPq2ueHYNBS5hkvtBgGrzzk6huldw7rNjIZwuSRgDjC44rx34461qGt+PvG0Oo39zqEVhEFtI7qZpFtw0jhhGGJ2AgAHGM19GancSv8SvCqNK7JLd+GmkUscORbzkE+pzX0OGpQeEhJxV7yX3Wf6/gjhderCtKMZtK0Zbve7/K34s8u+PvgLw98MLrwX8KfD17fyo2uw6zf31/MXnea5lW3jjLRquEMSOWAA4VST3r6D079m/4aaRfeenhWC9liclDqVxNdqD0HyyOy9vT0r54+O00h+O/xfnLsZrXSbqSCTPzQuljZFGQ/wlSzEEdNxx1r6B/Zv1nUNd+DWgX2p31zqN7I0oe5u5mlkbDnGWYkmuXNaNOnOmoxXwrW3dv8loXhMRWre0nUm23J9X2X5u7+Z6ZEixIERVRFAVVVQoAHAAA6Cl3D1/WlX7p+g/rQAMdK8Y7T/9k=', 'sam1', '0');
INSERT INTO `user` VALUES ('78', 'sam2', '123', '/9j/4AAQSkZJRgABAQEAYABgAAD/2wBDAAMCAgMCAgMDAwMEAwMEBQgFBQQEBQoHBwYIDAoMDAsKCwsNDhIQDQ4RDgsLEBYQERMUFRUVDA8XGBYUGBIUFRT/2wBDAQMEBAUEBQkFBQkUDQsNFBQUFBQUFBQUFBQUFBQUFBQUFBQUFBQUFBQUFBQUFBQUFBQUFBQUFBQUFBQUFBQUFBT/wAARCAA6ADoDASIAAhEBAxEB/8QAHwAAAQUBAQEBAQEAAAAAAAAAAAECAwQFBgcICQoL/8QAtRAAAgEDAwIEAwUFBAQAAAF9AQIDAAQRBRIhMUEGE1FhByJxFDKBkaEII0KxwRVS0fAkM2JyggkKFhcYGRolJicoKSo0NTY3ODk6Q0RFRkdISUpTVFVWV1hZWmNkZWZnaGlqc3R1dnd4eXqDhIWGh4iJipKTlJWWl5iZmqKjpKWmp6ipqrKztLW2t7i5usLDxMXGx8jJytLT1NXW19jZ2uHi4+Tl5ufo6erx8vP09fb3+Pn6/8QAHwEAAwEBAQEBAQEBAQAAAAAAAAECAwQFBgcICQoL/8QAtREAAgECBAQDBAcFBAQAAQJ3AAECAxEEBSExBhJBUQdhcRMiMoEIFEKRobHBCSMzUvAVYnLRChYkNOEl8RcYGRomJygpKjU2Nzg5OkNERUZHSElKU1RVVldYWVpjZGVmZ2hpanN0dXZ3eHl6goOEhYaHiImKkpOUlZaXmJmaoqOkpaanqKmqsrO0tba3uLm6wsPExcbHyMnK0tPU1dbX2Nna4uPk5ebn6Onq8vP09fb3+Pn6/9oADAMBAAIRAxEAPwD9F5uJpAePm7/U15x8Vfi3b+AIPsVsIZdVeLzma4yYbSIkgSSBTl2YghIl5Yg8hQTV6xn1XRdQ1e50FW8deGpL+czRWNyh1HSrnzT9ohKuQJIw4YquQy52gFdtfHPiLxlc+Ote17WNVE2nqLy5nuoJY8TWwjYxLGy93RFWML6lj3NfG1aM4VbNXu9PM+5yTB0sxqNVp8tOEXKb6pL+vl+d/wAR/Evxn4t1GYzeLdeMTHK2tncfZlAyf4IAD+p7c1wVx8OYH1V9WOn6hDq3n/aTqIe4Fx5w/wCWnmE53e+a9n0X4cyz6ct2l1bRk2gI0ueYpbJO6q0XmyRsJHIDYIOAWPyjFRHwR4b163gtNKMcOp3EcF/J5UlxFMAs6xuYlY/LCwWQ4J3Zwa+eeaYKM3HmlJJ2bUbpet2tLdbeh9c8/wAFh/3eFwEeW32mk2v/AAGX4tvuef6X8WPiX4Il82w8barcRoR+61KT7ZEefussuWHQjhh9a+q/gF+0FafGCzudPvraPSvE9jGJbizjcmGeInHnwE8lc8Mp5U4zkEGvmzUNHsbLw6dX1DV3W1vDLcxWl4FcwwtKwiSNifMViihsMCjDjIODXGaHr9z8JviHpfiCB8/2TcrNJsbAmtH+WZc91aM5/BTXqQlCpFzpu6Ta2a1W6/4ZtETpZfnmFqVMJS9lWgr8qtqvlo0+9k07X0ev6R5xkHjFJ5lefav4vufGmmXVr4Tlu9P0vymlv/Fk8LQQ2VsFLO9v5gBllK52kDYv3iTgAweBfGHiLVvBPh6+Y2N21zp1vMbiQqWlLRqdxwepzn8atxaipvZn58pJtpdDgfjTr3j/AOEFjqnid7qw1+0tteXUdOtnkFoJtzOsdrMkSB5SisNrZbAiDNkcV8t3N74vutT1jUL/AE7SDPrlxPe3O+4eWCbznLt5ezhk5GCDkYHOc19LftH66de+J9vomd9loFstyyfwm7n3YY+6Rrx/v14+/hb7LNJLpUq2gkbe9rJGsltIc5OYzwDnupDe9cmKzfkxDpTbtF7ro/6/4Y+v4fhSwkHWqQ5lUi01p8L9dNeq09e/If2l4peK5jZtJ8u5KtPFIbqRZSqhVLgyfNgKAPTAqS01fxVYS+bbPoVvKIxErxWs6MEDbgoIk6Z5x61D4r1PxDpPhbxB4oPg+KDw5od3HaX+tW7ukCM23pCzs2BvXkH+Icc1BcXWvReH21iKysLyyFv9pWS3mlJkjIyCo2en9aueJjTiuZ2jLbRpP8PQ+vw74bqJ2pJNbpx1X3XX4l/UfEXivV9Oaw1O30nU7EsH8kT3EBDZJyGO4jJJyBxzXKeKNY1GSUy3OhJB5Cxttt7hXiCoylVIOCFwmMn1q7eS+MdP17RND1vRk8J3+uWgvtMj1AsftcPqrLnkf3Tg8jNdJpPwsLyG41q9GpzKd8cCx7YFbsduTuP+8SB6VjXxkMLH2ctOtrW177fiJVsopxnUy9ayXK2kkrdrtafL/hvonTfiF41+O3hC61Dw/wCEiNO1t4JNPi8QlbiyswgZXlZo2UHDgH7O4PKHPUCvZtD+GHhnRtGsNP8A7N+0/ZLeODzmzmTaoXcfrjP414f+yh4pex8S+I/Cc8v+j3cX9sWiMT8swYR3IXPY/I2PUE+tfSxiySeR9BXRSxCxNGErWX69T8nrYf2FWVPt/SPkLx7O03xa+IJdt0i6uqnPUKLWAL+GKyFBOR3Ndx+014OvfCfjq48cW0DSaFqccUWpSIpK2lxGCiySAdEkQKC/QFBnAOa82ttegnQOiOyNyrxYZT16EZr5TMoSp4uo5dW2j67LpxqYaHL0Vmc+fAN/qHiqTxN4e8Q+RaT3Ae90jULY3enz3EQMRla3ZgjuFBX5wQCARXPRaVHp3iO38BxWviwWhtWhTUBJD9iEG0hzt2/dG7ae4JGB3roYNXfw3qN+9tpba5ZK32gwwY+1WXmS5I2E4ZGc5B4IJI5Fc1/wuOB/FT6rt1RtEgVYii2qBEZ1HyMM5JLFW3ZwAcYzXdFzr0opXlGKdv8AgeZrCjBzbpx97ra77/ds395vaT8O9d0lYH8V+JIPEumaU8M1jf6jA8uo20MG8RQpMzYhhAY7kTO8gE9K7hfXOc8n8+tcdLrz+LrJrKy0l9J0vULme3vNSudglleJYpJoUCk4dlZMsT93djmuh1DWo4IZWRlOB/rOBGg9cn2965MwnOc4uq3zW69jSjSp0eaFONrN39ev3G58Dpmh+O/hUxnHmG+ib3U25J/UCvsgLkZ2g++a+ZP2V/A9zq3iW48bzwumk2ttJZaXLIuBdSyECaZM9UVV2BujEtjgZr6bLHJ5Fe3l9OVPDxUtOp8rj6iniJOOuyJLhRI8yuqurEqwZQQwyeDntXnWq/s8/DPWbp7m58G6dHK3LG132wb3IiZR+Nejzj95L/vf1pLdQ0qggEbkGDXqVLObTXU82DcYppnyj+0nofh74eH4beHdJt7Xw74av9Slm1O1sV8ua7CKqFncgltiSu43E4YCrHij9mT4eaPq2ueHYNBS5hkvtBgGrzzk6huldw7rNjIZwuSRgDjC44rx34461qGt+PvG0Oo39zqEVhEFtI7qZpFtw0jhhGGJ2AgAHGM19GancSv8SvCqNK7JLd+GmkUscORbzkE+pzX0OGpQeEhJxV7yX3Wf6/gjhderCtKMZtK0Zbve7/K34s8u+PvgLw98MLrwX8KfD17fyo2uw6zf31/MXnea5lW3jjLRquEMSOWAA4VST3r6D079m/4aaRfeenhWC9liclDqVxNdqD0HyyOy9vT0r54+O00h+O/xfnLsZrXSbqSCTPzQuljZFGQ/wlSzEEdNxx1r6B/Zv1nUNd+DWgX2p31zqN7I0oe5u5mlkbDnGWYkmuXNaNOnOmoxXwrW3dv8loXhMRWre0nUm23J9X2X5u7+Z6ZEixIERVRFAVVVQoAHAAA6Cl3D1/WlX7p+g/rQAMdK8Y7T/9k=', 'sam2', '0');
INSERT INTO `user` VALUES ('79', 'sam3', '123', '/9j/4AAQSkZJRgABAQEAYABgAAD/2wBDAAMCAgMCAgMDAwMEAwMEBQgFBQQEBQoHBwYIDAoMDAsKCwsNDhIQDQ4RDgsLEBYQERMUFRUVDA8XGBYUGBIUFRT/2wBDAQMEBAUEBQkFBQkUDQsNFBQUFBQUFBQUFBQUFBQUFBQUFBQUFBQUFBQUFBQUFBQUFBQUFBQUFBQUFBQUFBQUFBT/wAARCAA6ADoDASIAAhEBAxEB/8QAHwAAAQUBAQEBAQEAAAAAAAAAAAECAwQFBgcICQoL/8QAtRAAAgEDAwIEAwUFBAQAAAF9AQIDAAQRBRIhMUEGE1FhByJxFDKBkaEII0KxwRVS0fAkM2JyggkKFhcYGRolJicoKSo0NTY3ODk6Q0RFRkdISUpTVFVWV1hZWmNkZWZnaGlqc3R1dnd4eXqDhIWGh4iJipKTlJWWl5iZmqKjpKWmp6ipqrKztLW2t7i5usLDxMXGx8jJytLT1NXW19jZ2uHi4+Tl5ufo6erx8vP09fb3+Pn6/8QAHwEAAwEBAQEBAQEBAQAAAAAAAAECAwQFBgcICQoL/8QAtREAAgECBAQDBAcFBAQAAQJ3AAECAxEEBSExBhJBUQdhcRMiMoEIFEKRobHBCSMzUvAVYnLRChYkNOEl8RcYGRomJygpKjU2Nzg5OkNERUZHSElKU1RVVldYWVpjZGVmZ2hpanN0dXZ3eHl6goOEhYaHiImKkpOUlZaXmJmaoqOkpaanqKmqsrO0tba3uLm6wsPExcbHyMnK0tPU1dbX2Nna4uPk5ebn6Onq8vP09fb3+Pn6/9oADAMBAAIRAxEAPwD9F5uJpAePm7/U15x8Vfi3b+AIPsVsIZdVeLzma4yYbSIkgSSBTl2YghIl5Yg8hQTV6xn1XRdQ1e50FW8deGpL+czRWNyh1HSrnzT9ohKuQJIw4YquQy52gFdtfHPiLxlc+Ote17WNVE2nqLy5nuoJY8TWwjYxLGy93RFWML6lj3NfG1aM4VbNXu9PM+5yTB0sxqNVp8tOEXKb6pL+vl+d/wAR/Evxn4t1GYzeLdeMTHK2tncfZlAyf4IAD+p7c1wVx8OYH1V9WOn6hDq3n/aTqIe4Fx5w/wCWnmE53e+a9n0X4cyz6ct2l1bRk2gI0ueYpbJO6q0XmyRsJHIDYIOAWPyjFRHwR4b163gtNKMcOp3EcF/J5UlxFMAs6xuYlY/LCwWQ4J3Zwa+eeaYKM3HmlJJ2bUbpet2tLdbeh9c8/wAFh/3eFwEeW32mk2v/AAGX4tvuef6X8WPiX4Il82w8barcRoR+61KT7ZEefussuWHQjhh9a+q/gF+0FafGCzudPvraPSvE9jGJbizjcmGeInHnwE8lc8Mp5U4zkEGvmzUNHsbLw6dX1DV3W1vDLcxWl4FcwwtKwiSNifMViihsMCjDjIODXGaHr9z8JviHpfiCB8/2TcrNJsbAmtH+WZc91aM5/BTXqQlCpFzpu6Ta2a1W6/4ZtETpZfnmFqVMJS9lWgr8qtqvlo0+9k07X0ev6R5xkHjFJ5lefav4vufGmmXVr4Tlu9P0vymlv/Fk8LQQ2VsFLO9v5gBllK52kDYv3iTgAweBfGHiLVvBPh6+Y2N21zp1vMbiQqWlLRqdxwepzn8atxaipvZn58pJtpdDgfjTr3j/AOEFjqnid7qw1+0tteXUdOtnkFoJtzOsdrMkSB5SisNrZbAiDNkcV8t3N74vutT1jUL/AE7SDPrlxPe3O+4eWCbznLt5ezhk5GCDkYHOc19LftH66de+J9vomd9loFstyyfwm7n3YY+6Rrx/v14+/hb7LNJLpUq2gkbe9rJGsltIc5OYzwDnupDe9cmKzfkxDpTbtF7ro/6/4Y+v4fhSwkHWqQ5lUi01p8L9dNeq09e/If2l4peK5jZtJ8u5KtPFIbqRZSqhVLgyfNgKAPTAqS01fxVYS+bbPoVvKIxErxWs6MEDbgoIk6Z5x61D4r1PxDpPhbxB4oPg+KDw5od3HaX+tW7ukCM23pCzs2BvXkH+Icc1BcXWvReH21iKysLyyFv9pWS3mlJkjIyCo2en9aueJjTiuZ2jLbRpP8PQ+vw74bqJ2pJNbpx1X3XX4l/UfEXivV9Oaw1O30nU7EsH8kT3EBDZJyGO4jJJyBxzXKeKNY1GSUy3OhJB5Cxttt7hXiCoylVIOCFwmMn1q7eS+MdP17RND1vRk8J3+uWgvtMj1AsftcPqrLnkf3Tg8jNdJpPwsLyG41q9GpzKd8cCx7YFbsduTuP+8SB6VjXxkMLH2ctOtrW177fiJVsopxnUy9ayXK2kkrdrtafL/hvonTfiF41+O3hC61Dw/wCEiNO1t4JNPi8QlbiyswgZXlZo2UHDgH7O4PKHPUCvZtD+GHhnRtGsNP8A7N+0/ZLeODzmzmTaoXcfrjP414f+yh4pex8S+I/Cc8v+j3cX9sWiMT8swYR3IXPY/I2PUE+tfSxiySeR9BXRSxCxNGErWX69T8nrYf2FWVPt/SPkLx7O03xa+IJdt0i6uqnPUKLWAL+GKyFBOR3Ndx+014OvfCfjq48cW0DSaFqccUWpSIpK2lxGCiySAdEkQKC/QFBnAOa82ttegnQOiOyNyrxYZT16EZr5TMoSp4uo5dW2j67LpxqYaHL0Vmc+fAN/qHiqTxN4e8Q+RaT3Ae90jULY3enz3EQMRla3ZgjuFBX5wQCARXPRaVHp3iO38BxWviwWhtWhTUBJD9iEG0hzt2/dG7ae4JGB3roYNXfw3qN+9tpba5ZK32gwwY+1WXmS5I2E4ZGc5B4IJI5Fc1/wuOB/FT6rt1RtEgVYii2qBEZ1HyMM5JLFW3ZwAcYzXdFzr0opXlGKdv8AgeZrCjBzbpx97ra77/ds395vaT8O9d0lYH8V+JIPEumaU8M1jf6jA8uo20MG8RQpMzYhhAY7kTO8gE9K7hfXOc8n8+tcdLrz+LrJrKy0l9J0vULme3vNSudglleJYpJoUCk4dlZMsT93djmuh1DWo4IZWRlOB/rOBGg9cn2965MwnOc4uq3zW69jSjSp0eaFONrN39ev3G58Dpmh+O/hUxnHmG+ib3U25J/UCvsgLkZ2g++a+ZP2V/A9zq3iW48bzwumk2ttJZaXLIuBdSyECaZM9UVV2BujEtjgZr6bLHJ5Fe3l9OVPDxUtOp8rj6iniJOOuyJLhRI8yuqurEqwZQQwyeDntXnWq/s8/DPWbp7m58G6dHK3LG132wb3IiZR+Nejzj95L/vf1pLdQ0qggEbkGDXqVLObTXU82DcYppnyj+0nofh74eH4beHdJt7Xw74av9Slm1O1sV8ua7CKqFncgltiSu43E4YCrHij9mT4eaPq2ueHYNBS5hkvtBgGrzzk6huldw7rNjIZwuSRgDjC44rx34461qGt+PvG0Oo39zqEVhEFtI7qZpFtw0jhhGGJ2AgAHGM19GancSv8SvCqNK7JLd+GmkUscORbzkE+pzX0OGpQeEhJxV7yX3Wf6/gjhderCtKMZtK0Zbve7/K34s8u+PvgLw98MLrwX8KfD17fyo2uw6zf31/MXnea5lW3jjLRquEMSOWAA4VST3r6D079m/4aaRfeenhWC9liclDqVxNdqD0HyyOy9vT0r54+O00h+O/xfnLsZrXSbqSCTPzQuljZFGQ/wlSzEEdNxx1r6B/Zv1nUNd+DWgX2p31zqN7I0oe5u5mlkbDnGWYkmuXNaNOnOmoxXwrW3dv8loXhMRWre0nUm23J9X2X5u7+Z6ZEixIERVRFAVVVQoAHAAA6Cl3D1/WlX7p+g/rQAMdK8Y7T/9k=', 'sam3', '0');
INSERT INTO `user` VALUES ('80', 'sam4', '123', '/9j/4AAQSkZJRgABAQEAYABgAAD/2wBDAAMCAgMCAgMDAwMEAwMEBQgFBQQEBQoHBwYIDAoMDAsKCwsNDhIQDQ4RDgsLEBYQERMUFRUVDA8XGBYUGBIUFRT/2wBDAQMEBAUEBQkFBQkUDQsNFBQUFBQUFBQUFBQUFBQUFBQUFBQUFBQUFBQUFBQUFBQUFBQUFBQUFBQUFBQUFBQUFBT/wAARCAA6ADoDASIAAhEBAxEB/8QAHwAAAQUBAQEBAQEAAAAAAAAAAAECAwQFBgcICQoL/8QAtRAAAgEDAwIEAwUFBAQAAAF9AQIDAAQRBRIhMUEGE1FhByJxFDKBkaEII0KxwRVS0fAkM2JyggkKFhcYGRolJicoKSo0NTY3ODk6Q0RFRkdISUpTVFVWV1hZWmNkZWZnaGlqc3R1dnd4eXqDhIWGh4iJipKTlJWWl5iZmqKjpKWmp6ipqrKztLW2t7i5usLDxMXGx8jJytLT1NXW19jZ2uHi4+Tl5ufo6erx8vP09fb3+Pn6/8QAHwEAAwEBAQEBAQEBAQAAAAAAAAECAwQFBgcICQoL/8QAtREAAgECBAQDBAcFBAQAAQJ3AAECAxEEBSExBhJBUQdhcRMiMoEIFEKRobHBCSMzUvAVYnLRChYkNOEl8RcYGRomJygpKjU2Nzg5OkNERUZHSElKU1RVVldYWVpjZGVmZ2hpanN0dXZ3eHl6goOEhYaHiImKkpOUlZaXmJmaoqOkpaanqKmqsrO0tba3uLm6wsPExcbHyMnK0tPU1dbX2Nna4uPk5ebn6Onq8vP09fb3+Pn6/9oADAMBAAIRAxEAPwD9F5uJpAePm7/U15x8Vfi3b+AIPsVsIZdVeLzma4yYbSIkgSSBTl2YghIl5Yg8hQTV6xn1XRdQ1e50FW8deGpL+czRWNyh1HSrnzT9ohKuQJIw4YquQy52gFdtfHPiLxlc+Ote17WNVE2nqLy5nuoJY8TWwjYxLGy93RFWML6lj3NfG1aM4VbNXu9PM+5yTB0sxqNVp8tOEXKb6pL+vl+d/wAR/Evxn4t1GYzeLdeMTHK2tncfZlAyf4IAD+p7c1wVx8OYH1V9WOn6hDq3n/aTqIe4Fx5w/wCWnmE53e+a9n0X4cyz6ct2l1bRk2gI0ueYpbJO6q0XmyRsJHIDYIOAWPyjFRHwR4b163gtNKMcOp3EcF/J5UlxFMAs6xuYlY/LCwWQ4J3Zwa+eeaYKM3HmlJJ2bUbpet2tLdbeh9c8/wAFh/3eFwEeW32mk2v/AAGX4tvuef6X8WPiX4Il82w8barcRoR+61KT7ZEefussuWHQjhh9a+q/gF+0FafGCzudPvraPSvE9jGJbizjcmGeInHnwE8lc8Mp5U4zkEGvmzUNHsbLw6dX1DV3W1vDLcxWl4FcwwtKwiSNifMViihsMCjDjIODXGaHr9z8JviHpfiCB8/2TcrNJsbAmtH+WZc91aM5/BTXqQlCpFzpu6Ta2a1W6/4ZtETpZfnmFqVMJS9lWgr8qtqvlo0+9k07X0ev6R5xkHjFJ5lefav4vufGmmXVr4Tlu9P0vymlv/Fk8LQQ2VsFLO9v5gBllK52kDYv3iTgAweBfGHiLVvBPh6+Y2N21zp1vMbiQqWlLRqdxwepzn8atxaipvZn58pJtpdDgfjTr3j/AOEFjqnid7qw1+0tteXUdOtnkFoJtzOsdrMkSB5SisNrZbAiDNkcV8t3N74vutT1jUL/AE7SDPrlxPe3O+4eWCbznLt5ezhk5GCDkYHOc19LftH66de+J9vomd9loFstyyfwm7n3YY+6Rrx/v14+/hb7LNJLpUq2gkbe9rJGsltIc5OYzwDnupDe9cmKzfkxDpTbtF7ro/6/4Y+v4fhSwkHWqQ5lUi01p8L9dNeq09e/If2l4peK5jZtJ8u5KtPFIbqRZSqhVLgyfNgKAPTAqS01fxVYS+bbPoVvKIxErxWs6MEDbgoIk6Z5x61D4r1PxDpPhbxB4oPg+KDw5od3HaX+tW7ukCM23pCzs2BvXkH+Icc1BcXWvReH21iKysLyyFv9pWS3mlJkjIyCo2en9aueJjTiuZ2jLbRpP8PQ+vw74bqJ2pJNbpx1X3XX4l/UfEXivV9Oaw1O30nU7EsH8kT3EBDZJyGO4jJJyBxzXKeKNY1GSUy3OhJB5Cxttt7hXiCoylVIOCFwmMn1q7eS+MdP17RND1vRk8J3+uWgvtMj1AsftcPqrLnkf3Tg8jNdJpPwsLyG41q9GpzKd8cCx7YFbsduTuP+8SB6VjXxkMLH2ctOtrW177fiJVsopxnUy9ayXK2kkrdrtafL/hvonTfiF41+O3hC61Dw/wCEiNO1t4JNPi8QlbiyswgZXlZo2UHDgH7O4PKHPUCvZtD+GHhnRtGsNP8A7N+0/ZLeODzmzmTaoXcfrjP414f+yh4pex8S+I/Cc8v+j3cX9sWiMT8swYR3IXPY/I2PUE+tfSxiySeR9BXRSxCxNGErWX69T8nrYf2FWVPt/SPkLx7O03xa+IJdt0i6uqnPUKLWAL+GKyFBOR3Ndx+014OvfCfjq48cW0DSaFqccUWpSIpK2lxGCiySAdEkQKC/QFBnAOa82ttegnQOiOyNyrxYZT16EZr5TMoSp4uo5dW2j67LpxqYaHL0Vmc+fAN/qHiqTxN4e8Q+RaT3Ae90jULY3enz3EQMRla3ZgjuFBX5wQCARXPRaVHp3iO38BxWviwWhtWhTUBJD9iEG0hzt2/dG7ae4JGB3roYNXfw3qN+9tpba5ZK32gwwY+1WXmS5I2E4ZGc5B4IJI5Fc1/wuOB/FT6rt1RtEgVYii2qBEZ1HyMM5JLFW3ZwAcYzXdFzr0opXlGKdv8AgeZrCjBzbpx97ra77/ds395vaT8O9d0lYH8V+JIPEumaU8M1jf6jA8uo20MG8RQpMzYhhAY7kTO8gE9K7hfXOc8n8+tcdLrz+LrJrKy0l9J0vULme3vNSudglleJYpJoUCk4dlZMsT93djmuh1DWo4IZWRlOB/rOBGg9cn2965MwnOc4uq3zW69jSjSp0eaFONrN39ev3G58Dpmh+O/hUxnHmG+ib3U25J/UCvsgLkZ2g++a+ZP2V/A9zq3iW48bzwumk2ttJZaXLIuBdSyECaZM9UVV2BujEtjgZr6bLHJ5Fe3l9OVPDxUtOp8rj6iniJOOuyJLhRI8yuqurEqwZQQwyeDntXnWq/s8/DPWbp7m58G6dHK3LG132wb3IiZR+Nejzj95L/vf1pLdQ0qggEbkGDXqVLObTXU82DcYppnyj+0nofh74eH4beHdJt7Xw74av9Slm1O1sV8ua7CKqFncgltiSu43E4YCrHij9mT4eaPq2ueHYNBS5hkvtBgGrzzk6huldw7rNjIZwuSRgDjC44rx34461qGt+PvG0Oo39zqEVhEFtI7qZpFtw0jhhGGJ2AgAHGM19GancSv8SvCqNK7JLd+GmkUscORbzkE+pzX0OGpQeEhJxV7yX3Wf6/gjhderCtKMZtK0Zbve7/K34s8u+PvgLw98MLrwX8KfD17fyo2uw6zf31/MXnea5lW3jjLRquEMSOWAA4VST3r6D079m/4aaRfeenhWC9liclDqVxNdqD0HyyOy9vT0r54+O00h+O/xfnLsZrXSbqSCTPzQuljZFGQ/wlSzEEdNxx1r6B/Zv1nUNd+DWgX2p31zqN7I0oe5u5mlkbDnGWYkmuXNaNOnOmoxXwrW3dv8loXhMRWre0nUm23J9X2X5u7+Z6ZEixIERVRFAVVVQoAHAAA6Cl3D1/WlX7p+g/rQAMdK8Y7T/9k=', 'sam4', '0');
INSERT INTO `user` VALUES ('81', 'sam5', '123', '/9j/4AAQSkZJRgABAQEAYABgAAD/2wBDAAMCAgMCAgMDAwMEAwMEBQgFBQQEBQoHBwYIDAoMDAsKCwsNDhIQDQ4RDgsLEBYQERMUFRUVDA8XGBYUGBIUFRT/2wBDAQMEBAUEBQkFBQkUDQsNFBQUFBQUFBQUFBQUFBQUFBQUFBQUFBQUFBQUFBQUFBQUFBQUFBQUFBQUFBQUFBQUFBT/wAARCAA6ADoDASIAAhEBAxEB/8QAHwAAAQUBAQEBAQEAAAAAAAAAAAECAwQFBgcICQoL/8QAtRAAAgEDAwIEAwUFBAQAAAF9AQIDAAQRBRIhMUEGE1FhByJxFDKBkaEII0KxwRVS0fAkM2JyggkKFhcYGRolJicoKSo0NTY3ODk6Q0RFRkdISUpTVFVWV1hZWmNkZWZnaGlqc3R1dnd4eXqDhIWGh4iJipKTlJWWl5iZmqKjpKWmp6ipqrKztLW2t7i5usLDxMXGx8jJytLT1NXW19jZ2uHi4+Tl5ufo6erx8vP09fb3+Pn6/8QAHwEAAwEBAQEBAQEBAQAAAAAAAAECAwQFBgcICQoL/8QAtREAAgECBAQDBAcFBAQAAQJ3AAECAxEEBSExBhJBUQdhcRMiMoEIFEKRobHBCSMzUvAVYnLRChYkNOEl8RcYGRomJygpKjU2Nzg5OkNERUZHSElKU1RVVldYWVpjZGVmZ2hpanN0dXZ3eHl6goOEhYaHiImKkpOUlZaXmJmaoqOkpaanqKmqsrO0tba3uLm6wsPExcbHyMnK0tPU1dbX2Nna4uPk5ebn6Onq8vP09fb3+Pn6/9oADAMBAAIRAxEAPwD9F5uJpAePm7/U15x8Vfi3b+AIPsVsIZdVeLzma4yYbSIkgSSBTl2YghIl5Yg8hQTV6xn1XRdQ1e50FW8deGpL+czRWNyh1HSrnzT9ohKuQJIw4YquQy52gFdtfHPiLxlc+Ote17WNVE2nqLy5nuoJY8TWwjYxLGy93RFWML6lj3NfG1aM4VbNXu9PM+5yTB0sxqNVp8tOEXKb6pL+vl+d/wAR/Evxn4t1GYzeLdeMTHK2tncfZlAyf4IAD+p7c1wVx8OYH1V9WOn6hDq3n/aTqIe4Fx5w/wCWnmE53e+a9n0X4cyz6ct2l1bRk2gI0ueYpbJO6q0XmyRsJHIDYIOAWPyjFRHwR4b163gtNKMcOp3EcF/J5UlxFMAs6xuYlY/LCwWQ4J3Zwa+eeaYKM3HmlJJ2bUbpet2tLdbeh9c8/wAFh/3eFwEeW32mk2v/AAGX4tvuef6X8WPiX4Il82w8barcRoR+61KT7ZEefussuWHQjhh9a+q/gF+0FafGCzudPvraPSvE9jGJbizjcmGeInHnwE8lc8Mp5U4zkEGvmzUNHsbLw6dX1DV3W1vDLcxWl4FcwwtKwiSNifMViihsMCjDjIODXGaHr9z8JviHpfiCB8/2TcrNJsbAmtH+WZc91aM5/BTXqQlCpFzpu6Ta2a1W6/4ZtETpZfnmFqVMJS9lWgr8qtqvlo0+9k07X0ev6R5xkHjFJ5lefav4vufGmmXVr4Tlu9P0vymlv/Fk8LQQ2VsFLO9v5gBllK52kDYv3iTgAweBfGHiLVvBPh6+Y2N21zp1vMbiQqWlLRqdxwepzn8atxaipvZn58pJtpdDgfjTr3j/AOEFjqnid7qw1+0tteXUdOtnkFoJtzOsdrMkSB5SisNrZbAiDNkcV8t3N74vutT1jUL/AE7SDPrlxPe3O+4eWCbznLt5ezhk5GCDkYHOc19LftH66de+J9vomd9loFstyyfwm7n3YY+6Rrx/v14+/hb7LNJLpUq2gkbe9rJGsltIc5OYzwDnupDe9cmKzfkxDpTbtF7ro/6/4Y+v4fhSwkHWqQ5lUi01p8L9dNeq09e/If2l4peK5jZtJ8u5KtPFIbqRZSqhVLgyfNgKAPTAqS01fxVYS+bbPoVvKIxErxWs6MEDbgoIk6Z5x61D4r1PxDpPhbxB4oPg+KDw5od3HaX+tW7ukCM23pCzs2BvXkH+Icc1BcXWvReH21iKysLyyFv9pWS3mlJkjIyCo2en9aueJjTiuZ2jLbRpP8PQ+vw74bqJ2pJNbpx1X3XX4l/UfEXivV9Oaw1O30nU7EsH8kT3EBDZJyGO4jJJyBxzXKeKNY1GSUy3OhJB5Cxttt7hXiCoylVIOCFwmMn1q7eS+MdP17RND1vRk8J3+uWgvtMj1AsftcPqrLnkf3Tg8jNdJpPwsLyG41q9GpzKd8cCx7YFbsduTuP+8SB6VjXxkMLH2ctOtrW177fiJVsopxnUy9ayXK2kkrdrtafL/hvonTfiF41+O3hC61Dw/wCEiNO1t4JNPi8QlbiyswgZXlZo2UHDgH7O4PKHPUCvZtD+GHhnRtGsNP8A7N+0/ZLeODzmzmTaoXcfrjP414f+yh4pex8S+I/Cc8v+j3cX9sWiMT8swYR3IXPY/I2PUE+tfSxiySeR9BXRSxCxNGErWX69T8nrYf2FWVPt/SPkLx7O03xa+IJdt0i6uqnPUKLWAL+GKyFBOR3Ndx+014OvfCfjq48cW0DSaFqccUWpSIpK2lxGCiySAdEkQKC/QFBnAOa82ttegnQOiOyNyrxYZT16EZr5TMoSp4uo5dW2j67LpxqYaHL0Vmc+fAN/qHiqTxN4e8Q+RaT3Ae90jULY3enz3EQMRla3ZgjuFBX5wQCARXPRaVHp3iO38BxWviwWhtWhTUBJD9iEG0hzt2/dG7ae4JGB3roYNXfw3qN+9tpba5ZK32gwwY+1WXmS5I2E4ZGc5B4IJI5Fc1/wuOB/FT6rt1RtEgVYii2qBEZ1HyMM5JLFW3ZwAcYzXdFzr0opXlGKdv8AgeZrCjBzbpx97ra77/ds395vaT8O9d0lYH8V+JIPEumaU8M1jf6jA8uo20MG8RQpMzYhhAY7kTO8gE9K7hfXOc8n8+tcdLrz+LrJrKy0l9J0vULme3vNSudglleJYpJoUCk4dlZMsT93djmuh1DWo4IZWRlOB/rOBGg9cn2965MwnOc4uq3zW69jSjSp0eaFONrN39ev3G58Dpmh+O/hUxnHmG+ib3U25J/UCvsgLkZ2g++a+ZP2V/A9zq3iW48bzwumk2ttJZaXLIuBdSyECaZM9UVV2BujEtjgZr6bLHJ5Fe3l9OVPDxUtOp8rj6iniJOOuyJLhRI8yuqurEqwZQQwyeDntXnWq/s8/DPWbp7m58G6dHK3LG132wb3IiZR+Nejzj95L/vf1pLdQ0qggEbkGDXqVLObTXU82DcYppnyj+0nofh74eH4beHdJt7Xw74av9Slm1O1sV8ua7CKqFncgltiSu43E4YCrHij9mT4eaPq2ueHYNBS5hkvtBgGrzzk6huldw7rNjIZwuSRgDjC44rx34461qGt+PvG0Oo39zqEVhEFtI7qZpFtw0jhhGGJ2AgAHGM19GancSv8SvCqNK7JLd+GmkUscORbzkE+pzX0OGpQeEhJxV7yX3Wf6/gjhderCtKMZtK0Zbve7/K34s8u+PvgLw98MLrwX8KfD17fyo2uw6zf31/MXnea5lW3jjLRquEMSOWAA4VST3r6D079m/4aaRfeenhWC9liclDqVxNdqD0HyyOy9vT0r54+O00h+O/xfnLsZrXSbqSCTPzQuljZFGQ/wlSzEEdNxx1r6B/Zv1nUNd+DWgX2p31zqN7I0oe5u5mlkbDnGWYkmuXNaNOnOmoxXwrW3dv8loXhMRWre0nUm23J9X2X5u7+Z6ZEixIERVRFAVVVQoAHAAA6Cl3D1/WlX7p+g/rQAMdK8Y7T/9k=', 'sam5', '0');
INSERT INTO `user` VALUES ('82', 'sam6', '123', '/9j/4AAQSkZJRgABAQEAYABgAAD/2wBDAAMCAgMCAgMDAwMEAwMEBQgFBQQEBQoHBwYIDAoMDAsKCwsNDhIQDQ4RDgsLEBYQERMUFRUVDA8XGBYUGBIUFRT/2wBDAQMEBAUEBQkFBQkUDQsNFBQUFBQUFBQUFBQUFBQUFBQUFBQUFBQUFBQUFBQUFBQUFBQUFBQUFBQUFBQUFBQUFBT/wAARCAA6ADoDASIAAhEBAxEB/8QAHwAAAQUBAQEBAQEAAAAAAAAAAAECAwQFBgcICQoL/8QAtRAAAgEDAwIEAwUFBAQAAAF9AQIDAAQRBRIhMUEGE1FhByJxFDKBkaEII0KxwRVS0fAkM2JyggkKFhcYGRolJicoKSo0NTY3ODk6Q0RFRkdISUpTVFVWV1hZWmNkZWZnaGlqc3R1dnd4eXqDhIWGh4iJipKTlJWWl5iZmqKjpKWmp6ipqrKztLW2t7i5usLDxMXGx8jJytLT1NXW19jZ2uHi4+Tl5ufo6erx8vP09fb3+Pn6/8QAHwEAAwEBAQEBAQEBAQAAAAAAAAECAwQFBgcICQoL/8QAtREAAgECBAQDBAcFBAQAAQJ3AAECAxEEBSExBhJBUQdhcRMiMoEIFEKRobHBCSMzUvAVYnLRChYkNOEl8RcYGRomJygpKjU2Nzg5OkNERUZHSElKU1RVVldYWVpjZGVmZ2hpanN0dXZ3eHl6goOEhYaHiImKkpOUlZaXmJmaoqOkpaanqKmqsrO0tba3uLm6wsPExcbHyMnK0tPU1dbX2Nna4uPk5ebn6Onq8vP09fb3+Pn6/9oADAMBAAIRAxEAPwD9F5uJpAePm7/U15x8Vfi3b+AIPsVsIZdVeLzma4yYbSIkgSSBTl2YghIl5Yg8hQTV6xn1XRdQ1e50FW8deGpL+czRWNyh1HSrnzT9ohKuQJIw4YquQy52gFdtfHPiLxlc+Ote17WNVE2nqLy5nuoJY8TWwjYxLGy93RFWML6lj3NfG1aM4VbNXu9PM+5yTB0sxqNVp8tOEXKb6pL+vl+d/wAR/Evxn4t1GYzeLdeMTHK2tncfZlAyf4IAD+p7c1wVx8OYH1V9WOn6hDq3n/aTqIe4Fx5w/wCWnmE53e+a9n0X4cyz6ct2l1bRk2gI0ueYpbJO6q0XmyRsJHIDYIOAWPyjFRHwR4b163gtNKMcOp3EcF/J5UlxFMAs6xuYlY/LCwWQ4J3Zwa+eeaYKM3HmlJJ2bUbpet2tLdbeh9c8/wAFh/3eFwEeW32mk2v/AAGX4tvuef6X8WPiX4Il82w8barcRoR+61KT7ZEefussuWHQjhh9a+q/gF+0FafGCzudPvraPSvE9jGJbizjcmGeInHnwE8lc8Mp5U4zkEGvmzUNHsbLw6dX1DV3W1vDLcxWl4FcwwtKwiSNifMViihsMCjDjIODXGaHr9z8JviHpfiCB8/2TcrNJsbAmtH+WZc91aM5/BTXqQlCpFzpu6Ta2a1W6/4ZtETpZfnmFqVMJS9lWgr8qtqvlo0+9k07X0ev6R5xkHjFJ5lefav4vufGmmXVr4Tlu9P0vymlv/Fk8LQQ2VsFLO9v5gBllK52kDYv3iTgAweBfGHiLVvBPh6+Y2N21zp1vMbiQqWlLRqdxwepzn8atxaipvZn58pJtpdDgfjTr3j/AOEFjqnid7qw1+0tteXUdOtnkFoJtzOsdrMkSB5SisNrZbAiDNkcV8t3N74vutT1jUL/AE7SDPrlxPe3O+4eWCbznLt5ezhk5GCDkYHOc19LftH66de+J9vomd9loFstyyfwm7n3YY+6Rrx/v14+/hb7LNJLpUq2gkbe9rJGsltIc5OYzwDnupDe9cmKzfkxDpTbtF7ro/6/4Y+v4fhSwkHWqQ5lUi01p8L9dNeq09e/If2l4peK5jZtJ8u5KtPFIbqRZSqhVLgyfNgKAPTAqS01fxVYS+bbPoVvKIxErxWs6MEDbgoIk6Z5x61D4r1PxDpPhbxB4oPg+KDw5od3HaX+tW7ukCM23pCzs2BvXkH+Icc1BcXWvReH21iKysLyyFv9pWS3mlJkjIyCo2en9aueJjTiuZ2jLbRpP8PQ+vw74bqJ2pJNbpx1X3XX4l/UfEXivV9Oaw1O30nU7EsH8kT3EBDZJyGO4jJJyBxzXKeKNY1GSUy3OhJB5Cxttt7hXiCoylVIOCFwmMn1q7eS+MdP17RND1vRk8J3+uWgvtMj1AsftcPqrLnkf3Tg8jNdJpPwsLyG41q9GpzKd8cCx7YFbsduTuP+8SB6VjXxkMLH2ctOtrW177fiJVsopxnUy9ayXK2kkrdrtafL/hvonTfiF41+O3hC61Dw/wCEiNO1t4JNPi8QlbiyswgZXlZo2UHDgH7O4PKHPUCvZtD+GHhnRtGsNP8A7N+0/ZLeODzmzmTaoXcfrjP414f+yh4pex8S+I/Cc8v+j3cX9sWiMT8swYR3IXPY/I2PUE+tfSxiySeR9BXRSxCxNGErWX69T8nrYf2FWVPt/SPkLx7O03xa+IJdt0i6uqnPUKLWAL+GKyFBOR3Ndx+014OvfCfjq48cW0DSaFqccUWpSIpK2lxGCiySAdEkQKC/QFBnAOa82ttegnQOiOyNyrxYZT16EZr5TMoSp4uo5dW2j67LpxqYaHL0Vmc+fAN/qHiqTxN4e8Q+RaT3Ae90jULY3enz3EQMRla3ZgjuFBX5wQCARXPRaVHp3iO38BxWviwWhtWhTUBJD9iEG0hzt2/dG7ae4JGB3roYNXfw3qN+9tpba5ZK32gwwY+1WXmS5I2E4ZGc5B4IJI5Fc1/wuOB/FT6rt1RtEgVYii2qBEZ1HyMM5JLFW3ZwAcYzXdFzr0opXlGKdv8AgeZrCjBzbpx97ra77/ds395vaT8O9d0lYH8V+JIPEumaU8M1jf6jA8uo20MG8RQpMzYhhAY7kTO8gE9K7hfXOc8n8+tcdLrz+LrJrKy0l9J0vULme3vNSudglleJYpJoUCk4dlZMsT93djmuh1DWo4IZWRlOB/rOBGg9cn2965MwnOc4uq3zW69jSjSp0eaFONrN39ev3G58Dpmh+O/hUxnHmG+ib3U25J/UCvsgLkZ2g++a+ZP2V/A9zq3iW48bzwumk2ttJZaXLIuBdSyECaZM9UVV2BujEtjgZr6bLHJ5Fe3l9OVPDxUtOp8rj6iniJOOuyJLhRI8yuqurEqwZQQwyeDntXnWq/s8/DPWbp7m58G6dHK3LG132wb3IiZR+Nejzj95L/vf1pLdQ0qggEbkGDXqVLObTXU82DcYppnyj+0nofh74eH4beHdJt7Xw74av9Slm1O1sV8ua7CKqFncgltiSu43E4YCrHij9mT4eaPq2ueHYNBS5hkvtBgGrzzk6huldw7rNjIZwuSRgDjC44rx34461qGt+PvG0Oo39zqEVhEFtI7qZpFtw0jhhGGJ2AgAHGM19GancSv8SvCqNK7JLd+GmkUscORbzkE+pzX0OGpQeEhJxV7yX3Wf6/gjhderCtKMZtK0Zbve7/K34s8u+PvgLw98MLrwX8KfD17fyo2uw6zf31/MXnea5lW3jjLRquEMSOWAA4VST3r6D079m/4aaRfeenhWC9liclDqVxNdqD0HyyOy9vT0r54+O00h+O/xfnLsZrXSbqSCTPzQuljZFGQ/wlSzEEdNxx1r6B/Zv1nUNd+DWgX2p31zqN7I0oe5u5mlkbDnGWYkmuXNaNOnOmoxXwrW3dv8loXhMRWre0nUm23J9X2X5u7+Z6ZEixIERVRFAVVVQoAHAAA6Cl3D1/WlX7p+g/rQAMdK8Y7T/9k=', 'sam6', '0');
